<?xml version = '1.0' encoding = 'UTF-8'?>
<StorageDesignSqlServerv2k12 class="oracle.dbtools.crest.model.design.storage.sqlserver.v2k12.StorageDesignSqlServerv2k12" name="SQL Server 2012" id="3550BFD0-CCE1-51A8-2C82-7F8C1630FC88" siteID="980FCE9E-D688-BDF0-C89A-C9FB2DCAED45" siteName="SQL Server 2012" siteType="13">
<createdBy>A598111</createdBy>
<createdTime>2024-04-24 22:20:14 UTC</createdTime>
<ownerDesignName>Untitled_1</ownerDesignName>
<dtdialogVisible>false</dtdialogVisible>
<imported>false</imported>
</StorageDesignSqlServerv2k12>