<?xml version = '1.0' encoding = 'UTF-8'?>
<DomainFile class="oracle.dbtools.crest.model.design.DomainFileWrapper" fileName="AceleraPlenoDB2_Domains">
<domains>
<Domain class="oracle.dbtools.crest.model.design.Domain" name="NVARCHAR_0_0_50" id="368CFB56-50A9-17B3-E93E-31CC7AD53B60">
<createdBy>A598111</createdBy>
<createdTime>2024-04-24 22:20:24 UTC</createdTime>
<ownerDesignName>AceleraPlenoDB_Relacional2</ownerDesignName>
<avTSortOrder>0</avTSortOrder>
<dataTypePrecision>0</dataTypePrecision>
<dataTypeScale>0</dataTypeScale>
<dataTypeSize>50</dataTypeSize>
<fileName>AceleraPlenoDB2_Domains</fileName>
<logicalDatatype>LOGDT037</logicalDatatype>
</Domain>
<Domain class="oracle.dbtools.crest.model.design.Domain" name="NVARCHAR_0_0_100" id="3DCFD58B-325B-5855-76FB-B66E2787B50A">
<createdBy>A598111</createdBy>
<createdTime>2024-04-24 22:20:24 UTC</createdTime>
<ownerDesignName>AceleraPlenoDB_Relacional2</ownerDesignName>
<avTSortOrder>0</avTSortOrder>
<dataTypePrecision>0</dataTypePrecision>
<dataTypeScale>0</dataTypeScale>
<dataTypeSize>100</dataTypeSize>
<fileName>AceleraPlenoDB2_Domains</fileName>
<logicalDatatype>LOGDT037</logicalDatatype>
</Domain>
<Domain class="oracle.dbtools.crest.model.design.Domain" name="DATETIME2_0_0_7" id="5F57380A-860D-9355-4281-2D0B31DEC9D8">
<createdBy>A598111</createdBy>
<createdTime>2024-04-24 22:20:24 UTC</createdTime>
<ownerDesignName>AceleraPlenoDB_Relacional2</ownerDesignName>
<avTSortOrder>0</avTSortOrder>
<dataTypePrecision>0</dataTypePrecision>
<dataTypeScale>0</dataTypeScale>
<dataTypeSize>7</dataTypeSize>
<fileName>AceleraPlenoDB2_Domains</fileName>
<logicalDatatype>91229484-D19C-D458-8647-333C7FFE7B60</logicalDatatype>
</Domain>
<Domain class="oracle.dbtools.crest.model.design.Domain" name="NVARCHAR_0_0_20" id="72E42FFB-4845-5BDA-357E-355A5F8934FB">
<createdBy>A598111</createdBy>
<createdTime>2024-04-24 22:20:24 UTC</createdTime>
<ownerDesignName>AceleraPlenoDB_Relacional2</ownerDesignName>
<avTSortOrder>0</avTSortOrder>
<dataTypePrecision>0</dataTypePrecision>
<dataTypeScale>0</dataTypeScale>
<dataTypeSize>20</dataTypeSize>
<fileName>AceleraPlenoDB2_Domains</fileName>
<logicalDatatype>LOGDT037</logicalDatatype>
</Domain>
<Domain class="oracle.dbtools.crest.model.design.Domain" name="NVARCHAR_0_0_10" id="804AE4DD-6D5C-0827-8915-DE2882492E6A">
<createdBy>A598111</createdBy>
<createdTime>2024-04-24 22:20:24 UTC</createdTime>
<ownerDesignName>AceleraPlenoDB_Relacional2</ownerDesignName>
<avTSortOrder>0</avTSortOrder>
<dataTypePrecision>0</dataTypePrecision>
<dataTypeScale>0</dataTypeScale>
<dataTypeSize>10</dataTypeSize>
<fileName>AceleraPlenoDB2_Domains</fileName>
<logicalDatatype>LOGDT037</logicalDatatype>
</Domain>
<Domain class="oracle.dbtools.crest.model.design.Domain" name="MONEY_0_0_0" id="8B350D35-E040-AC65-6A97-EAD5A0C406F4">
<createdBy>A598111</createdBy>
<createdTime>2024-04-24 22:20:24 UTC</createdTime>
<ownerDesignName>AceleraPlenoDB_Relacional2</ownerDesignName>
<avTSortOrder>0</avTSortOrder>
<fileName>AceleraPlenoDB2_Domains</fileName>
<logicalDatatype>LOGDT043</logicalDatatype>
</Domain>
<Domain class="oracle.dbtools.crest.model.design.Domain" name="Integer_0_0_0" id="B52272F4-A62B-99C7-681A-BAAC8AF81BC4">
<createdBy>A598111</createdBy>
<createdTime>2024-04-24 22:20:24 UTC</createdTime>
<ownerDesignName>AceleraPlenoDB_Relacional2</ownerDesignName>
<avTSortOrder>0</avTSortOrder>
<fileName>AceleraPlenoDB2_Domains</fileName>
<logicalDatatype>LOGDT011</logicalDatatype>
</Domain>
<Domain class="oracle.dbtools.crest.model.design.Domain" name="NUMERIC_18_4_0" id="BF0E4D11-30EB-D6D7-EE91-94DC992C0D2B">
<createdBy>A598111</createdBy>
<createdTime>2024-04-24 22:20:24 UTC</createdTime>
<ownerDesignName>AceleraPlenoDB_Relacional2</ownerDesignName>
<avTSortOrder>0</avTSortOrder>
<dataTypePrecision>18</dataTypePrecision>
<dataTypeScale>4</dataTypeScale>
<dataTypeSize>0</dataTypeSize>
<fileName>AceleraPlenoDB2_Domains</fileName>
<logicalDatatype>LOGDT019</logicalDatatype>
</Domain>
<Domain class="oracle.dbtools.crest.model.design.Domain" name="NCHAR_0_0_1" id="CC35F1DE-49C4-EC8E-D493-FC440015303A">
<createdBy>A598111</createdBy>
<createdTime>2024-04-24 22:20:24 UTC</createdTime>
<ownerDesignName>AceleraPlenoDB_Relacional2</ownerDesignName>
<avTSortOrder>0</avTSortOrder>
<dataTypePrecision>0</dataTypePrecision>
<dataTypeScale>0</dataTypeScale>
<dataTypeSize>1</dataTypeSize>
<fileName>AceleraPlenoDB2_Domains</fileName>
<logicalDatatype>LOGDT035</logicalDatatype>
</Domain>
<Domain class="oracle.dbtools.crest.model.design.Domain" name="NVARCHAR_0_0_200" id="D77BB522-F585-0E5A-B35D-A2ACB4F6C0F8">
<createdBy>A598111</createdBy>
<createdTime>2024-04-24 22:20:24 UTC</createdTime>
<ownerDesignName>AceleraPlenoDB_Relacional2</ownerDesignName>
<avTSortOrder>0</avTSortOrder>
<dataTypePrecision>0</dataTypePrecision>
<dataTypeScale>0</dataTypeScale>
<dataTypeSize>200</dataTypeSize>
<fileName>AceleraPlenoDB2_Domains</fileName>
<logicalDatatype>LOGDT037</logicalDatatype>
</Domain>
<Domain class="oracle.dbtools.crest.model.design.Domain" name="Datetime_0_0_0" id="E846DC40-59B8-45C6-3456-361CE22B1110">
<createdBy>A598111</createdBy>
<createdTime>2024-04-24 22:20:24 UTC</createdTime>
<ownerDesignName>AceleraPlenoDB_Relacional2</ownerDesignName>
<avTSortOrder>0</avTSortOrder>
<fileName>AceleraPlenoDB2_Domains</fileName>
<logicalDatatype>LOGDT008</logicalDatatype>
</Domain>
</domains>
</DomainFile>