<?xml version = '1.0' encoding = 'UTF-8'?>
<Diagram class="oracle.dbtools.crest.swingui.relational.DPVRelational" name="AceleraPlenoDB2" id="BCC6448F-E44B-D077-D1B4-84D4F4EBD362">
<createdBy>A598111</createdBy>
<modifiedBy>A598111</modifiedBy>
<createdTime>2024-04-24 22:20:24 UTC</createdTime>
<autoRoute>false</autoRoute>
<boxInbox>true</boxInbox>
<showLegend>false</showLegend>
<showLabels>false</showLabels>
<showRelAttributes>false</showRelAttributes>
<gridEnabled>false</gridEnabled>
<showGrid>false</showGrid>
<diagramColor>-1</diagramColor>
<display>false</display>
<notation>1</notation>
<objectViews>
<OView class="oracle.dbtools.crest.swingui.relational.TVTable" oid="05EE79AB-3EF5-E399-E80D-6416F45D2D78" otype="Table" vid="5DE4323A-7988-5AB5-B839-D5F0AA5D3CEE">
<hideElementsInCurrentOnly>false</hideElementsInCurrentOnly>
<bounds x="373" y="327" width="268" height="339"/>
</OView>
<OView class="oracle.dbtools.crest.swingui.relational.TVTable" oid="13FE419F-DE09-23ED-D347-80C03DB7C930" otype="Table" vid="7A813DDA-4A3D-B0E3-537F-D67A2557887C">
<hideElementsInCurrentOnly>false</hideElementsInCurrentOnly>
<bounds x="701" y="401" width="238" height="240"/>
</OView>
<OView class="oracle.dbtools.crest.swingui.relational.TVTable" oid="3815CF80-D5F1-A765-C8E2-1DE2C2FA0ECF" otype="Table" vid="6CEF144C-F2A4-D50E-4376-1F44E1484634">
<hideElementsInCurrentOnly>false</hideElementsInCurrentOnly>
<bounds x="684" y="31" width="277" height="312"/>
</OView>
<OView class="oracle.dbtools.crest.swingui.relational.TVTable" oid="4D6B9B66-2402-EFA5-19C9-18A01F3E602A" otype="Table" vid="C8EB1321-8D1B-8F74-ED20-1F97D58C7C74">
<hideElementsInCurrentOnly>false</hideElementsInCurrentOnly>
<bounds x="1023" y="56" width="296" height="641"/>
</OView>
<OView class="oracle.dbtools.crest.swingui.relational.TVTable" oid="525AD31C-27C1-B4A4-DF1E-3A1B90D8065D" otype="Table" vid="FC2B83A7-65DD-9261-70A6-20D56506D071">
<hideElementsInCurrentOnly>false</hideElementsInCurrentOnly>
<bounds x="1350" y="6" width="263" height="132"/>
</OView>
<OView class="oracle.dbtools.crest.swingui.relational.TVTable" oid="629D71E5-D143-DA48-3039-B729F56D9BAF" otype="Table" vid="7CD0C59C-E4E3-4122-5A11-2B8B47CA46FA">
<hideElementsInCurrentOnly>false</hideElementsInCurrentOnly>
<bounds x="1363" y="195" width="244" height="232"/>
</OView>
<OView class="oracle.dbtools.crest.swingui.relational.TVTable" oid="9741C66B-3EA2-3B2D-5447-900C3ADD29AE" otype="Table" vid="9D165061-956C-C560-9D3B-5580D9DEA895">
<hideElementsInCurrentOnly>false</hideElementsInCurrentOnly>
<bounds x="1692" y="287" width="240" height="197"/>
</OView>
<OView class="oracle.dbtools.crest.swingui.relational.TVTable" oid="A3045887-41E1-E321-1F02-456F289E0DB7" otype="Table" vid="56A34122-1820-ED5C-5650-7EF851EEFBFF">
<hideElementsInCurrentOnly>false</hideElementsInCurrentOnly>
<bounds x="19" y="589" width="275" height="165"/>
</OView>
<OView class="oracle.dbtools.crest.swingui.relational.TVTable" oid="AE29B017-808A-DA00-3A60-0E15CC1B61B6" otype="Table" vid="32F9EFF4-A49E-DC52-4AF9-B92BFA6801C8">
<hideElementsInCurrentOnly>false</hideElementsInCurrentOnly>
<bounds x="1352" y="510" width="291" height="177"/>
</OView>
<OView class="oracle.dbtools.crest.swingui.relational.TVTable" oid="D667CB87-74FD-0E49-AD9F-51F718AB46BD" otype="Table" vid="FAAE485A-D0A6-C6D3-B0A0-01CD2DECA994">
<hideElementsInCurrentOnly>false</hideElementsInCurrentOnly>
<bounds x="369" y="679" width="492" height="199"/>
</OView>
<OView class="oracle.dbtools.crest.swingui.relational.TVTable" oid="E67C9008-9E59-E8A5-B3F8-7F73B7E8CEC3" otype="Table" vid="63D25DCE-760E-9DC0-59A4-F9D0EB6827EF">
<hideElementsInCurrentOnly>false</hideElementsInCurrentOnly>
<bounds x="1687" y="42" width="233" height="153"/>
</OView>
<OView class="oracle.dbtools.crest.swingui.relational.TVTable" oid="F4634EA6-5141-6254-7ACF-E73F45C94812" otype="Table" vid="31D30ABE-946B-DE07-AA45-3E9166653225">
<hideElementsInCurrentOnly>false</hideElementsInCurrentOnly>
<bounds x="6" y="6" width="304" height="551"/>
</OView>
<OView class="oracle.dbtools.crest.swingui.relational.TVTable" oid="FCC0E712-B59B-1CC0-2EB8-A19ADCD7ED53" otype="Table" vid="EFA77699-1AB4-19F2-CA10-05DD0F875BA1">
<hideElementsInCurrentOnly>false</hideElementsInCurrentOnly>
<bounds x="383" y="31" width="245" height="244"/>
</OView>
</objectViews>
<connectors>
<Connector class="oracle.dbtools.crest.swingui.relational.TVFKRelation" oid="14D8B8AD-D212-62B9-DA92-67C2DB5780C4" otype="FKIndexAssociation" vid_source="EFA77699-1AB4-19F2-CA10-05DD0F875BA1" vid_target="C8EB1321-8D1B-8F74-ED20-1F97D58C7C74">
<hideElementsInCurrentOnly>false</hideElementsInCurrentOnly>
<backgroundColor>-16777216</backgroundColor>
<lineWidth>1</lineWidth>
<points>
<point x="628" y="165"/>
<point x="1023" y="165"/>
</points>
</Connector>
<Connector class="oracle.dbtools.crest.swingui.relational.TVFKRelation" oid="17066479-A180-9D7E-7810-E4A82188B7EE" otype="FKIndexAssociation" vid_source="6CEF144C-F2A4-D50E-4376-1F44E1484634" vid_target="C8EB1321-8D1B-8F74-ED20-1F97D58C7C74">
<hideElementsInCurrentOnly>false</hideElementsInCurrentOnly>
<backgroundColor>-16777216</backgroundColor>
<lineWidth>1</lineWidth>
<points>
<point x="961" y="199"/>
<point x="1023" y="199"/>
</points>
</Connector>
<Connector class="oracle.dbtools.crest.swingui.relational.TVFKRelation" oid="31AA6BA2-23EB-55E8-0CB1-59DD34B7257D" otype="FKIndexAssociation" vid_source="7CD0C59C-E4E3-4122-5A11-2B8B47CA46FA" vid_target="9D165061-956C-C560-9D3B-5580D9DEA895">
<hideElementsInCurrentOnly>false</hideElementsInCurrentOnly>
<backgroundColor>-16777216</backgroundColor>
<lineWidth>1</lineWidth>
<points>
<point x="1607" y="357"/>
<point x="1692" y="357"/>
</points>
</Connector>
<Connector class="oracle.dbtools.crest.swingui.relational.TVFKRelation" oid="3FE1EA57-6F6B-C80F-E773-936F1C0BD4C2" otype="FKIndexAssociation" vid_source="31D30ABE-946B-DE07-AA45-3E9166653225" vid_target="EFA77699-1AB4-19F2-CA10-05DD0F875BA1">
<hideElementsInCurrentOnly>false</hideElementsInCurrentOnly>
<backgroundColor>-16777216</backgroundColor>
<lineWidth>1</lineWidth>
<points>
<point x="310" y="153"/>
<point x="383" y="153"/>
</points>
</Connector>
<Connector class="oracle.dbtools.crest.swingui.relational.TVFKRelation" oid="5D660D10-80E2-DA3B-0911-337338783F4D" otype="FKIndexAssociation" vid_source="6CEF144C-F2A4-D50E-4376-1F44E1484634" vid_target="C8EB1321-8D1B-8F74-ED20-1F97D58C7C74">
<hideElementsInCurrentOnly>false</hideElementsInCurrentOnly>
<backgroundColor>-16777216</backgroundColor>
<lineWidth>1</lineWidth>
<points>
<point x="961" y="214"/>
<point x="1023" y="214"/>
</points>
</Connector>
<Connector class="oracle.dbtools.crest.swingui.relational.TVFKRelation" oid="6C787528-D9C1-B7DC-8AF3-B3D93F90BB07" otype="FKIndexAssociation" vid_source="7A813DDA-4A3D-B0E3-537F-D67A2557887C" vid_target="5DE4323A-7988-5AB5-B839-D5F0AA5D3CEE">
<hideElementsInCurrentOnly>false</hideElementsInCurrentOnly>
<backgroundColor>-16777216</backgroundColor>
<lineWidth>1</lineWidth>
<points>
<point x="701" y="521"/>
<point x="641" y="521"/>
</points>
</Connector>
<Connector class="oracle.dbtools.crest.swingui.relational.TVFKRelation" oid="719B856D-9E64-9E56-F406-759FC30F7EA8" otype="FKIndexAssociation" vid_source="31D30ABE-946B-DE07-AA45-3E9166653225" vid_target="5DE4323A-7988-5AB5-B839-D5F0AA5D3CEE">
<hideElementsInCurrentOnly>false</hideElementsInCurrentOnly>
<backgroundColor>-16777216</backgroundColor>
<lineWidth>1</lineWidth>
<points>
<point x="310" y="457"/>
<point x="373" y="457"/>
</points>
</Connector>
<Connector class="oracle.dbtools.crest.swingui.relational.TVFKRelation" oid="769BE4E3-BC97-7554-0029-98FDD6FAF5A0" otype="FKIndexAssociation" vid_source="31D30ABE-946B-DE07-AA45-3E9166653225" vid_target="FAAE485A-D0A6-C6D3-B0A0-01CD2DECA994">
<hideElementsInCurrentOnly>false</hideElementsInCurrentOnly>
<backgroundColor>-16777216</backgroundColor>
<lineWidth>1</lineWidth>
<points>
<point x="310" y="446"/>
<point x="523" y="679"/>
</points>
</Connector>
<Connector class="oracle.dbtools.crest.swingui.relational.TVFKRelation" oid="9BA6D28C-6385-1FA4-4F01-950FB7075EFD" otype="FKIndexAssociation" vid_source="7CD0C59C-E4E3-4122-5A11-2B8B47CA46FA" vid_target="FC2B83A7-65DD-9261-70A6-20D56506D071">
<hideElementsInCurrentOnly>false</hideElementsInCurrentOnly>
<backgroundColor>-16777216</backgroundColor>
<lineWidth>1</lineWidth>
<points>
<point x="1485" y="195"/>
<point x="1485" y="138"/>
</points>
</Connector>
<Connector class="oracle.dbtools.crest.swingui.relational.TVFKRelation" oid="9C2AE276-E839-2137-D6F2-DF2957CB3B9D" otype="FKIndexAssociation" vid_source="31D30ABE-946B-DE07-AA45-3E9166653225" vid_target="6CEF144C-F2A4-D50E-4376-1F44E1484634">
<hideElementsInCurrentOnly>false</hideElementsInCurrentOnly>
<backgroundColor>-16777216</backgroundColor>
<lineWidth>1</lineWidth>
<points>
<point x="310" y="187"/>
<point x="684" y="187"/>
</points>
</Connector>
<Connector class="oracle.dbtools.crest.swingui.relational.TVFKRelation" oid="9C963B49-E6EC-FCE8-415B-222625D92E60" otype="FKIndexAssociation" vid_source="EFA77699-1AB4-19F2-CA10-05DD0F875BA1" vid_target="5DE4323A-7988-5AB5-B839-D5F0AA5D3CEE">
<hideElementsInCurrentOnly>false</hideElementsInCurrentOnly>
<backgroundColor>-16777216</backgroundColor>
<lineWidth>1</lineWidth>
<points>
<point x="505" y="275"/>
<point x="505" y="327"/>
</points>
</Connector>
<Connector class="oracle.dbtools.crest.swingui.relational.TVFKRelation" oid="BDD34F3C-DD71-A868-EA0E-177D831DE4D1" otype="FKIndexAssociation" vid_source="63D25DCE-760E-9DC0-59A4-F9D0EB6827EF" vid_target="9D165061-956C-C560-9D3B-5580D9DEA895">
<hideElementsInCurrentOnly>false</hideElementsInCurrentOnly>
<backgroundColor>-16777216</backgroundColor>
<lineWidth>1</lineWidth>
<points>
<point x="1806" y="195"/>
<point x="1806" y="287"/>
</points>
</Connector>
<Connector class="oracle.dbtools.crest.swingui.relational.TVFKRelation" oid="CCAC5A44-CD47-ADDA-A996-AF1009E28516" otype="FKIndexAssociation" vid_source="6CEF144C-F2A4-D50E-4376-1F44E1484634" vid_target="7CD0C59C-E4E3-4122-5A11-2B8B47CA46FA">
<hideElementsInCurrentOnly>false</hideElementsInCurrentOnly>
<backgroundColor>-16777216</backgroundColor>
<lineWidth>1</lineWidth>
<points>
<point x="961" y="269"/>
<point x="1363" y="269"/>
</points>
</Connector>
<Connector class="oracle.dbtools.crest.swingui.relational.TVFKRelation" oid="D9A6C4F6-EDEF-7C15-01DE-470C0D8DE7A7" otype="FKIndexAssociation" vid_source="7CD0C59C-E4E3-4122-5A11-2B8B47CA46FA" vid_target="32F9EFF4-A49E-DC52-4AF9-B92BFA6801C8">
<hideElementsInCurrentOnly>false</hideElementsInCurrentOnly>
<backgroundColor>-16777216</backgroundColor>
<lineWidth>1</lineWidth>
<points>
<point x="1485" y="427"/>
<point x="1485" y="510"/>
</points>
</Connector>
<Connector class="oracle.dbtools.crest.swingui.relational.TVFKRelation" oid="DA718001-3165-BBAD-7A5D-06ECE9B2EAC2" otype="FKIndexAssociation" vid_source="31D30ABE-946B-DE07-AA45-3E9166653225" vid_target="C8EB1321-8D1B-8F74-ED20-1F97D58C7C74">
<hideElementsInCurrentOnly>false</hideElementsInCurrentOnly>
<backgroundColor>-16777216</backgroundColor>
<lineWidth>1</lineWidth>
<points>
<point x="310" y="306"/>
<point x="1023" y="306"/>
</points>
</Connector>
<Connector class="oracle.dbtools.crest.swingui.relational.TVFKRelation" oid="FA3CF3AD-7D1E-D428-180A-61AB53C06D05" otype="FKIndexAssociation" vid_source="56A34122-1820-ED5C-5650-7EF851EEFBFF" vid_target="FAAE485A-D0A6-C6D3-B0A0-01CD2DECA994">
<hideElementsInCurrentOnly>false</hideElementsInCurrentOnly>
<backgroundColor>-16777216</backgroundColor>
<lineWidth>1</lineWidth>
<points>
<point x="294" y="716"/>
<point x="369" y="716"/>
</points>
</Connector>
</connectors>
</Diagram>