<?xml version = '1.0' encoding = 'UTF-8'?>
<Table class="oracle.dbtools.crest.model.design.relational.Table" directorySegmentName="seg_0" id="05EE79AB-3EF5-E399-E80D-6416F45D2D78" schemaObject="8DC3194D-4F2B-4738-044F-8F34B7C70B48" name="10t_OPERACAO">
<sourceDDLFile>AceleraPlenoDB2.sql</sourceDDLFile>
<createdBy>A598111</createdBy>
<createdTime>2024-04-24 22:20:24 UTC</createdTime>
<ownerDesignName>AceleraPlenoDB_Relacional2</ownerDesignName>
<importedID>670C1809-A67B-9E8F-98D2-5D1243CEEBB9</importedID>
<ordsAlias>to</ordsAlias>
<allowColumnReorder>false</allowColumnReorder>
<existDependencyGenerateInDDl>true</existDependencyGenerateInDDl>
<parsed>true</parsed>
<columns itemClass="oracle.dbtools.crest.model.design.relational.Column">
<Column name="IDOPERACAO" id="F21417F8-2F3B-DDA6-CEE1-6246A339FFD0">
<sourceDDLFile>AceleraPlenoDB2.sql</sourceDDLFile>
<createdBy>A598111</createdBy>
<createdTime>2024-04-24 22:20:24 UTC</createdTime>
<ownerDesignName>AceleraPlenoDB_Relacional2</ownerDesignName>
<importedID>BDF24624-D471-9DCD-A7A2-F985156CD170</importedID>
<use>0</use>
<logicalDatatype>LOGDT011</logicalDatatype>
<domain>B52272F4-A62B-99C7-681A-BAAC8AF81BC4</domain>
<ownDataTypeParameters>,,</ownDataTypeParameters>
<autoIncrementColumn>true</autoIncrementColumn>
<identityColumn>true</identityColumn>
<autoIncrementCycle>false</autoIncrementCycle>
</Column>
<Column name="IDTIPOOPERACAO" id="E16778F9-721C-E1C9-ED6C-EBEF92893320">
<createdBy>A598111</createdBy>
<createdTime>2024-04-27 17:56:10 UTC</createdTime>
<ownerDesignName>AceleraPlenoDB_Relacional2</ownerDesignName>
<use>0</use>
<logicalDatatype>LOGDT011</logicalDatatype>
<domain>B52272F4-A62B-99C7-681A-BAAC8AF81BC4</domain>
<ownDataTypeParameters>,,</ownDataTypeParameters>
<previousColumn>false</previousColumn>
<autoIncrementCycle>false</autoIncrementCycle>
<associations>
<colAssociation fkAssociation="6C787528-D9C1-B7DC-8AF3-B3D93F90BB07" referredColumn="71394642-F7B4-0810-F1E5-16FCB64A66A3"/>
</associations>
</Column>
<Column name="IDTIPOTERMINAL" id="340D0D51-E299-CEE7-26A7-AFB03FD1DFAA">
<createdBy>A598111</createdBy>
<createdTime>2024-04-27 17:13:56 UTC</createdTime>
<ownerDesignName>AceleraPlenoDB_Relacional2</ownerDesignName>
<use>0</use>
<logicalDatatype>LOGDT011</logicalDatatype>
<domain>B52272F4-A62B-99C7-681A-BAAC8AF81BC4</domain>
<ownDataTypeParameters>,,</ownDataTypeParameters>
<previousColumn>false</previousColumn>
<autoIncrementCycle>false</autoIncrementCycle>
<associations>
<colAssociation fkAssociation="9C963B49-E6EC-FCE8-415B-222625D92E60" referredColumn="DCD8CF85-BF18-FE88-FB31-CE211DCC8141"/>
</associations>
</Column>
<Column name="IDUNIDADEINST" id="AA080E28-5ED6-332E-B360-4DCE48A52E7A">
<createdBy>A598111</createdBy>
<createdTime>2024-04-27 17:30:01 UTC</createdTime>
<ownerDesignName>AceleraPlenoDB_Relacional2</ownerDesignName>
<use>0</use>
<logicalDatatype>LOGDT011</logicalDatatype>
<domain>B52272F4-A62B-99C7-681A-BAAC8AF81BC4</domain>
<ownDataTypeParameters>,,</ownDataTypeParameters>
<previousColumn>false</previousColumn>
<autoIncrementCycle>false</autoIncrementCycle>
<associations>
<colAssociation fkAssociation="719B856D-9E64-9E56-F406-759FC30F7EA8" referredColumn="429A832C-F9A3-3B1E-8C22-9900C5E7DE11"/>
</associations>
</Column>
<Column name="OPERACAO" id="163BF9D4-7502-41D4-7CB6-22B9CEEFEAB6">
<sourceDDLFile>AceleraPlenoDB2.sql</sourceDDLFile>
<createdBy>A598111</createdBy>
<createdTime>2024-04-24 22:20:24 UTC</createdTime>
<ownerDesignName>AceleraPlenoDB_Relacional2</ownerDesignName>
<importedID>E333D99F-798F-60D0-DFA8-7944AC8829B7</importedID>
<use>0</use>
<logicalDatatype>LOGDT037</logicalDatatype>
<domain>804AE4DD-6D5C-0827-8915-DE2882492E6A</domain>
<ownDataTypeParameters>,,</ownDataTypeParameters>
<autoIncrementCycle>false</autoIncrementCycle>
</Column>
<Column name="DESCOPERACAO" id="D194A340-F15E-0E20-BAC0-F72B81784E1F">
<sourceDDLFile>AceleraPlenoDB2.sql</sourceDDLFile>
<createdBy>A598111</createdBy>
<createdTime>2024-04-24 22:20:24 UTC</createdTime>
<ownerDesignName>AceleraPlenoDB_Relacional2</ownerDesignName>
<importedID>C3A031C5-C568-220A-08C0-8AADAF79B831</importedID>
<use>0</use>
<logicalDatatype>LOGDT037</logicalDatatype>
<domain>3DCFD58B-325B-5855-76FB-B66E2787B50A</domain>
<ownDataTypeParameters>,,</ownDataTypeParameters>
<autoIncrementCycle>false</autoIncrementCycle>
</Column>
<Column name="CODHISTORICO" id="4A20F34B-92A7-7A7D-FAB2-EEEB50A310F5">
<sourceDDLFile>AceleraPlenoDB2.sql</sourceDDLFile>
<createdBy>A598111</createdBy>
<createdTime>2024-04-24 22:20:24 UTC</createdTime>
<ownerDesignName>AceleraPlenoDB_Relacional2</ownerDesignName>
<importedID>184195C4-6F3F-2544-EA7F-DD5BED67E9DA</importedID>
<use>0</use>
<logicalDatatype>LOGDT011</logicalDatatype>
<domain>B52272F4-A62B-99C7-681A-BAAC8AF81BC4</domain>
<ownDataTypeParameters>,,</ownDataTypeParameters>
<autoIncrementCycle>false</autoIncrementCycle>
</Column>
<Column name="DESCHISTORICO" id="192F8103-E158-0FAF-B17B-7EA9BC435049">
<sourceDDLFile>AceleraPlenoDB2.sql</sourceDDLFile>
<createdBy>A598111</createdBy>
<createdTime>2024-04-24 22:20:24 UTC</createdTime>
<ownerDesignName>AceleraPlenoDB_Relacional2</ownerDesignName>
<importedID>B225A0C7-2850-B6C4-B9BE-99045E2445F9</importedID>
<use>0</use>
<logicalDatatype>LOGDT037</logicalDatatype>
<domain>3DCFD58B-325B-5855-76FB-B66E2787B50A</domain>
<ownDataTypeParameters>,,</ownDataTypeParameters>
<autoIncrementCycle>false</autoIncrementCycle>
</Column>
<Column name="DATAOPERACAO" id="FA2BD9FC-29BE-4598-3B6C-3F2426270497">
<sourceDDLFile>AceleraPlenoDB2.sql</sourceDDLFile>
<createdBy>A598111</createdBy>
<createdTime>2024-04-24 22:20:24 UTC</createdTime>
<ownerDesignName>AceleraPlenoDB_Relacional2</ownerDesignName>
<importedID>5C3C2A61-0DA9-3FC5-96B1-E7A4E9B66C12</importedID>
<use>0</use>
<logicalDatatype>91229484-D19C-D458-8647-333C7FFE7B60</logicalDatatype>
<domain>5F57380A-860D-9355-4281-2D0B31DEC9D8</domain>
<ownDataTypeParameters>,,</ownDataTypeParameters>
<autoIncrementCycle>false</autoIncrementCycle>
</Column>
<Column name="TERMINAL" id="972A0EE6-DD0D-4DF7-FAE2-C19AA05705C1">
<sourceDDLFile>AceleraPlenoDB2.sql</sourceDDLFile>
<createdBy>A598111</createdBy>
<createdTime>2024-04-24 22:20:24 UTC</createdTime>
<ownerDesignName>AceleraPlenoDB_Relacional2</ownerDesignName>
<importedID>373EBFC0-CB47-D951-AD8F-9BEEA1C82393</importedID>
<nullsAllowed>true</nullsAllowed>
<use>0</use>
<logicalDatatype>LOGDT037</logicalDatatype>
<domain>368CFB56-50A9-17B3-E93E-31CC7AD53B60</domain>
<ownDataTypeParameters>,,</ownDataTypeParameters>
<autoIncrementCycle>false</autoIncrementCycle>
</Column>
<Column name="CODAUT" id="E2D4D324-E018-83B9-3CB6-8EACD0A20052">
<sourceDDLFile>AceleraPlenoDB2.sql</sourceDDLFile>
<createdBy>A598111</createdBy>
<createdTime>2024-04-24 22:20:24 UTC</createdTime>
<ownerDesignName>AceleraPlenoDB_Relacional2</ownerDesignName>
<importedID>E7A8B2DA-B67A-0A55-9587-4AB2B44291E1</importedID>
<nullsAllowed>true</nullsAllowed>
<use>0</use>
<logicalDatatype>LOGDT037</logicalDatatype>
<domain>804AE4DD-6D5C-0827-8915-DE2882492E6A</domain>
<ownDataTypeParameters>,,</ownDataTypeParameters>
<autoIncrementCycle>false</autoIncrementCycle>
</Column>
<Column name="VALOR" id="2F934FE3-EE3E-602E-67DF-F603BA5F9B8C">
<sourceDDLFile>AceleraPlenoDB2.sql</sourceDDLFile>
<createdBy>A598111</createdBy>
<createdTime>2024-04-24 22:20:24 UTC</createdTime>
<ownerDesignName>AceleraPlenoDB_Relacional2</ownerDesignName>
<importedID>D0F5A136-13BE-5930-5349-4614F9B699B7</importedID>
<use>0</use>
<logicalDatatype>LOGDT043</logicalDatatype>
<domain>8B350D35-E040-AC65-6A97-EAD5A0C406F4</domain>
<ownDataTypeParameters>,,</ownDataTypeParameters>
<autoIncrementCycle>false</autoIncrementCycle>
</Column>
<Column name="SENSIBILIZACAO" id="13DE3AE6-44D1-2FB3-CDA9-B3CAFB6BF4B3">
<createdBy>A598111</createdBy>
<createdTime>2024-04-25 23:04:16 UTC</createdTime>
<ownerDesignName>AceleraPlenoDB_Relacional2</ownerDesignName>
<use>0</use>
<logicalDatatype>LOGDT035</logicalDatatype>
<domain>CC35F1DE-49C4-EC8E-D493-FC440015303A</domain>
<ownDataTypeParameters>,,</ownDataTypeParameters>
<autoIncrementCycle>false</autoIncrementCycle>
</Column>
<Column name="CODCRIADOPOR" id="B06918EF-A254-05E3-8A59-5CDA369055E3">
<sourceDDLFile>AceleraPlenoDB2.sql</sourceDDLFile>
<createdBy>A598111</createdBy>
<createdTime>2024-04-25 23:04:16 UTC</createdTime>
<ownerDesignName>AceleraPlenoDB_Relacional2</ownerDesignName>
<use>0</use>
<logicalDatatype>LOGDT011</logicalDatatype>
<domain>B52272F4-A62B-99C7-681A-BAAC8AF81BC4</domain>
<ownDataTypeParameters>,,</ownDataTypeParameters>
<autoIncrementCycle>false</autoIncrementCycle>
</Column>
<Column name="DATAHORACRIACAO" id="C372FD8C-BDF5-5F4B-E975-09EFEF13D6B4">
<sourceDDLFile>AceleraPlenoDB2.sql</sourceDDLFile>
<createdBy>A598111</createdBy>
<createdTime>2024-04-25 23:04:16 UTC</createdTime>
<ownerDesignName>AceleraPlenoDB_Relacional2</ownerDesignName>
<use>0</use>
<logicalDatatype>91229484-D19C-D458-8647-333C7FFE7B60</logicalDatatype>
<domain>5F57380A-860D-9355-4281-2D0B31DEC9D8</domain>
<ownDataTypeParameters>,,</ownDataTypeParameters>
<autoIncrementCycle>false</autoIncrementCycle>
</Column>
<Column name="CODALTERADOPOR" id="807EAF53-FF95-69B7-8ABD-785EADD8091B">
<sourceDDLFile>AceleraPlenoDB2.sql</sourceDDLFile>
<createdBy>A598111</createdBy>
<createdTime>2024-04-25 23:04:16 UTC</createdTime>
<ownerDesignName>AceleraPlenoDB_Relacional2</ownerDesignName>
<nullsAllowed>true</nullsAllowed>
<use>0</use>
<logicalDatatype>LOGDT011</logicalDatatype>
<domain>B52272F4-A62B-99C7-681A-BAAC8AF81BC4</domain>
<ownDataTypeParameters>,,</ownDataTypeParameters>
<autoIncrementCycle>false</autoIncrementCycle>
</Column>
<Column name="DATAHORAALTERACAO" id="AAFE670A-2FF0-5C05-3D12-0676AB01B1A7">
<sourceDDLFile>AceleraPlenoDB2.sql</sourceDDLFile>
<createdBy>A598111</createdBy>
<createdTime>2024-04-25 23:04:16 UTC</createdTime>
<ownerDesignName>AceleraPlenoDB_Relacional2</ownerDesignName>
<nullsAllowed>true</nullsAllowed>
<use>0</use>
<logicalDatatype>91229484-D19C-D458-8647-333C7FFE7B60</logicalDatatype>
<domain>5F57380A-860D-9355-4281-2D0B31DEC9D8</domain>
<ownDataTypeParameters>,,</ownDataTypeParameters>
<autoIncrementCycle>false</autoIncrementCycle>
</Column>
<Column name="CODINATIVOPOR" id="7B08667F-14A2-C524-D70A-BAFEDB687D6D">
<sourceDDLFile>AceleraPlenoDB2.sql</sourceDDLFile>
<createdBy>A598111</createdBy>
<createdTime>2024-04-25 23:04:16 UTC</createdTime>
<ownerDesignName>AceleraPlenoDB_Relacional2</ownerDesignName>
<nullsAllowed>true</nullsAllowed>
<use>0</use>
<logicalDatatype>LOGDT011</logicalDatatype>
<domain>B52272F4-A62B-99C7-681A-BAAC8AF81BC4</domain>
<ownDataTypeParameters>,,</ownDataTypeParameters>
<autoIncrementCycle>false</autoIncrementCycle>
</Column>
<Column name="DATAHORAINATIVO" id="38C82A49-CA42-891C-F243-9B43D8F5473E">
<sourceDDLFile>AceleraPlenoDB2.sql</sourceDDLFile>
<createdBy>A598111</createdBy>
<createdTime>2024-04-25 23:04:16 UTC</createdTime>
<ownerDesignName>AceleraPlenoDB_Relacional2</ownerDesignName>
<nullsAllowed>true</nullsAllowed>
<use>0</use>
<logicalDatatype>91229484-D19C-D458-8647-333C7FFE7B60</logicalDatatype>
<domain>5F57380A-860D-9355-4281-2D0B31DEC9D8</domain>
<ownDataTypeParameters>,,</ownDataTypeParameters>
<autoIncrementCycle>false</autoIncrementCycle>
</Column>
</columns>
<indexes itemClass="oracle.dbtools.crest.model.design.relational.Index">
<ind_PK_UK id="D03C3D13-3CF8-796A-A148-67EF331B51A2" name="05t_OPERACAO_PK">
<sourceDDLFile>AceleraPlenoDB2.sql</sourceDDLFile>
<createdBy>A598111</createdBy>
<createdTime>2024-04-24 22:20:24 UTC</createdTime>
<ownerDesignName>AceleraPlenoDB_Relacional2</ownerDesignName>
<importedID>FD26B023-7CD0-B02B-CAB7-78DF25A1EDCB</importedID>
<pk>true</pk>
<indexState>Primary Constraint</indexState>
<isSurrogateKey>false</isSurrogateKey>
<indexColumnUsage>
<colUsage columnID="F21417F8-2F3B-DDA6-CEE1-6246A339FFD0"/>
</indexColumnUsage>
</ind_PK_UK>
<ind_PK_UK id="FCD77E2F-E851-835C-E9B2-E5C1023469E8" name="05t_OPERACAO_04t_TIPOTERMINAL_FK">
<createdBy>A598111</createdBy>
<createdTime>2024-04-27 17:13:56 UTC</createdTime>
<ownerDesignName>AceleraPlenoDB_Relacional2</ownerDesignName>
<indexState>Foreign Key</indexState>
<isSurrogateKey>false</isSurrogateKey>
<indexColumnUsage>
<colUsage columnID="340D0D51-E299-CEE7-26A7-AFB03FD1DFAA"/>
</indexColumnUsage>
</ind_PK_UK>
<ind_PK_UK id="0A283109-0483-3374-5473-FC433AC795A6" name="05t_OPERACAO_06t_UNIDADEINSTITUICAO_FK">
<createdBy>A598111</createdBy>
<createdTime>2024-04-27 17:30:01 UTC</createdTime>
<ownerDesignName>AceleraPlenoDB_Relacional2</ownerDesignName>
<indexState>Foreign Key</indexState>
<isSurrogateKey>false</isSurrogateKey>
<indexColumnUsage>
<colUsage columnID="AA080E28-5ED6-332E-B360-4DCE48A52E7A"/>
</indexColumnUsage>
</ind_PK_UK>
<ind_PK_UK id="93ED13B7-645D-641E-D139-FA1CAB9852CD" name="06t_OPERACAO_08t_TIPOOPERACAO_FK">
<createdBy>A598111</createdBy>
<createdTime>2024-04-27 17:56:09 UTC</createdTime>
<ownerDesignName>AceleraPlenoDB_Relacional2</ownerDesignName>
<indexState>Foreign Key</indexState>
<isSurrogateKey>false</isSurrogateKey>
<indexColumnUsage>
<colUsage columnID="E16778F9-721C-E1C9-ED6C-EBEF92893320"/>
</indexColumnUsage>
</ind_PK_UK>
</indexes>
</Table>