<?xml version = '1.0' encoding = 'UTF-8'?>
<Table class="oracle.dbtools.crest.model.design.relational.Table" directorySegmentName="seg_0" id="525AD31C-27C1-B4A4-DF1E-3A1B90D8065D" schemaObject="8DC3194D-4F2B-4738-044F-8F34B7C70B48" name="00t_PARAMETRIZACAO">
<createdBy>A598111</createdBy>
<createdTime>2024-05-08 14:54:54 UTC</createdTime>
<ownerDesignName>AceleraPlenoDB_Relacional2</ownerDesignName>
<ordsAlias>table_11</ordsAlias>
<allowColumnReorder>false</allowColumnReorder>
<existDependencyGenerateInDDl>true</existDependencyGenerateInDDl>
<parsed>true</parsed>
<columns itemClass="oracle.dbtools.crest.model.design.relational.Column">
<Column name="IDPARAMETRIZACAO" id="A8647C94-F02B-28CA-325B-D012FA3E2124">
<createdBy>A598111</createdBy>
<createdTime>2024-05-08 14:57:40 UTC</createdTime>
<ownerDesignName>AceleraPlenoDB_Relacional2</ownerDesignName>
<use>0</use>
<logicalDatatype>LOGDT011</logicalDatatype>
<domain>B52272F4-A62B-99C7-681A-BAAC8AF81BC4</domain>
<ownDataTypeParameters>,,</ownDataTypeParameters>
<autoIncrementColumn>true</autoIncrementColumn>
<identityColumn>true</identityColumn>
<autoIncrementCycle>false</autoIncrementCycle>
</Column>
<Column name="CODALTERADOPOR" id="1B6CC53F-D42D-6EBB-362C-968068AD46FC">
<createdBy>A598111</createdBy>
<createdTime>2024-05-08 14:58:32 UTC</createdTime>
<ownerDesignName>AceleraPlenoDB_Relacional2</ownerDesignName>
<use>0</use>
<logicalDatatype>LOGDT011</logicalDatatype>
<domain>B52272F4-A62B-99C7-681A-BAAC8AF81BC4</domain>
<ownDataTypeParameters>,,</ownDataTypeParameters>
<previousColumn>false</previousColumn>
<autoIncrementCycle>false</autoIncrementCycle>
<associations>
<colAssociation fkAssociation="9BA6D28C-6385-1FA4-4F01-950FB7075EFD" referredColumn="25541543-6828-B858-54C2-2FF23FDE3E83"/>
</associations>
</Column>
<Column name="DIRETORIO" id="27DB7288-4AB9-4716-C663-FB9F4AC8FF62">
<createdBy>A598111</createdBy>
<createdTime>2024-05-08 14:57:40 UTC</createdTime>
<ownerDesignName>AceleraPlenoDB_Relacional2</ownerDesignName>
<nullsAllowed>true</nullsAllowed>
<use>0</use>
<logicalDatatype>LOGDT037</logicalDatatype>
<domain>D77BB522-F585-0E5A-B35D-A2ACB4F6C0F8</domain>
<ownDataTypeParameters>,,</ownDataTypeParameters>
<autoIncrementCycle>false</autoIncrementCycle>
</Column>
<Column name="TEMPOPROCESSAMENTO" id="38B95A6A-F372-14C8-FD5C-2EB363D9BDCE">
<createdBy>A598111</createdBy>
<createdTime>2024-05-08 14:57:40 UTC</createdTime>
<ownerDesignName>AceleraPlenoDB_Relacional2</ownerDesignName>
<nullsAllowed>true</nullsAllowed>
<use>0</use>
<logicalDatatype>LOGDT011</logicalDatatype>
<domain>B52272F4-A62B-99C7-681A-BAAC8AF81BC4</domain>
<ownDataTypeParameters>,,</ownDataTypeParameters>
<autoIncrementCycle>false</autoIncrementCycle>
</Column>
<Column name="DATAHORAALTERACAO" id="3D287A19-DB98-573C-F8CF-51A0AA1E8730">
<createdBy>A598111</createdBy>
<createdTime>2024-05-08 14:57:40 UTC</createdTime>
<ownerDesignName>AceleraPlenoDB_Relacional2</ownerDesignName>
<nullsAllowed>true</nullsAllowed>
<use>0</use>
<logicalDatatype>91229484-D19C-D458-8647-333C7FFE7B60</logicalDatatype>
<domain>5F57380A-860D-9355-4281-2D0B31DEC9D8</domain>
<ownDataTypeParameters>,,</ownDataTypeParameters>
<autoIncrementCycle>false</autoIncrementCycle>
</Column>
</columns>
<indexes itemClass="oracle.dbtools.crest.model.design.relational.Index">
<ind_PK_UK id="D862109D-2F5F-3377-984D-456705C7D2D8" name="00t_PARAMETRIZACAO_PK">
<createdBy>A598111</createdBy>
<createdTime>2024-05-08 14:57:40 UTC</createdTime>
<ownerDesignName>AceleraPlenoDB_Relacional2</ownerDesignName>
<pk>true</pk>
<indexState>Primary Constraint</indexState>
<isSurrogateKey>false</isSurrogateKey>
<indexColumnUsage>
<colUsage columnID="A8647C94-F02B-28CA-325B-D012FA3E2124"/>
</indexColumnUsage>
</ind_PK_UK>
<ind_PK_UK id="23597767-887E-357E-2A5E-672D3FACF987" name="00t_PARAMETRIZACAO_02t_USUARIOSISTEMA_FK">
<createdBy>A598111</createdBy>
<createdTime>2024-05-08 14:58:32 UTC</createdTime>
<ownerDesignName>AceleraPlenoDB_Relacional2</ownerDesignName>
<indexState>Foreign Key</indexState>
<isSurrogateKey>false</isSurrogateKey>
<indexColumnUsage>
<colUsage columnID="1B6CC53F-D42D-6EBB-362C-968068AD46FC"/>
</indexColumnUsage>
</ind_PK_UK>
</indexes>
</Table>