<?xml version = '1.0' encoding = 'UTF-8'?>
<Table class="oracle.dbtools.crest.model.design.relational.Table" directorySegmentName="seg_0" id="629D71E5-D143-DA48-3039-B729F56D9BAF" schemaObject="8DC3194D-4F2B-4738-044F-8F34B7C70B48" name="02t_USUARIOSISTEMA">
<createdBy>A598111</createdBy>
<createdTime>2024-04-24 22:41:30 UTC</createdTime>
<ownerDesignName>AceleraPlenoDB_Relacional2</ownerDesignName>
<ordsAlias>table_10</ordsAlias>
<allowColumnReorder>false</allowColumnReorder>
<existDependencyGenerateInDDl>true</existDependencyGenerateInDDl>
<parsed>true</parsed>
<columns itemClass="oracle.dbtools.crest.model.design.relational.Column">
<Column name="IDUSUARIOSISTEMA" id="25541543-6828-B858-54C2-2FF23FDE3E83">
<createdBy>A598111</createdBy>
<createdTime>2024-04-24 22:43:38 UTC</createdTime>
<ownerDesignName>AceleraPlenoDB_Relacional2</ownerDesignName>
<use>0</use>
<logicalDatatype>LOGDT011</logicalDatatype>
<domain>B52272F4-A62B-99C7-681A-BAAC8AF81BC4</domain>
<ownDataTypeParameters>,,</ownDataTypeParameters>
<autoIncrementColumn>true</autoIncrementColumn>
<identityColumn>true</identityColumn>
<autoIncrementCycle>false</autoIncrementCycle>
</Column>
<Column name="IDUSUARIO" id="A143F58E-C69E-824D-74C3-58477CCE7BE0">
<createdBy>A598111</createdBy>
<createdTime>2024-05-06 18:51:21 UTC</createdTime>
<ownerDesignName>AceleraPlenoDB_Relacional2</ownerDesignName>
<use>0</use>
<logicalDatatype>LOGDT037</logicalDatatype>
<domain>3DCFD58B-325B-5855-76FB-B66E2787B50A</domain>
<ownDataTypeParameters>,,</ownDataTypeParameters>
<previousColumn>false</previousColumn>
<autoIncrementCycle>false</autoIncrementCycle>
<associations>
<colAssociation fkAssociation="CCAC5A44-CD47-ADDA-A996-AF1009E28516" referredColumn="5B4678A7-59C1-A6AB-D625-943AABC1A73E"/>
</associations>
</Column>
<Column name="LOGIN" id="15D01E92-E7C8-C9FF-1ED8-49A8705A624B">
<createdBy>A598111</createdBy>
<createdTime>2024-04-24 22:43:38 UTC</createdTime>
<ownerDesignName>AceleraPlenoDB_Relacional2</ownerDesignName>
<use>0</use>
<logicalDatatype>LOGDT037</logicalDatatype>
<domain>368CFB56-50A9-17B3-E93E-31CC7AD53B60</domain>
<ownDataTypeParameters>,,</ownDataTypeParameters>
<autoIncrementCycle>false</autoIncrementCycle>
</Column>
<Column name="PASSWORD" id="4A5B61D9-4FBE-A176-5F5E-B3663C8BC7CE">
<createdBy>A598111</createdBy>
<createdTime>2024-04-24 22:43:38 UTC</createdTime>
<ownerDesignName>AceleraPlenoDB_Relacional2</ownerDesignName>
<use>0</use>
<logicalDatatype>LOGDT037</logicalDatatype>
<domain>368CFB56-50A9-17B3-E93E-31CC7AD53B60</domain>
<ownDataTypeParameters>,,</ownDataTypeParameters>
<autoIncrementCycle>false</autoIncrementCycle>
</Column>
<Column name="SECRETKEY" id="5B04506E-4207-4066-ADEE-9FAB9EFEDD5A">
<createdBy>A598111</createdBy>
<createdTime>2024-05-04 15:38:20 UTC</createdTime>
<ownerDesignName>AceleraPlenoDB_Relacional2</ownerDesignName>
<use>0</use>
<logicalDatatype>LOGDT037</logicalDatatype>
<domain>3DCFD58B-325B-5855-76FB-B66E2787B50A</domain>
<ownDataTypeParameters>,,</ownDataTypeParameters>
<autoIncrementCycle>false</autoIncrementCycle>
</Column>
<Column name="BOLPRIMEIROLOGIN" id="B2A6C1CD-14CC-DD2B-34E5-4A9F6418103B">
<createdBy>A598111</createdBy>
<createdTime>2024-04-24 23:09:20 UTC</createdTime>
<ownerDesignName>AceleraPlenoDB_Relacional2</ownerDesignName>
<use>0</use>
<logicalDatatype>LOGDT011</logicalDatatype>
<domain>B52272F4-A62B-99C7-681A-BAAC8AF81BC4</domain>
<ownDataTypeParameters>,,</ownDataTypeParameters>
<autoIncrementCycle>false</autoIncrementCycle>
</Column>
<Column name="ULTIMOLOGIN" id="EE875535-E12D-46F6-B68D-9E10F7DB6FA2">
<createdBy>A598111</createdBy>
<createdTime>2024-04-24 22:47:52 UTC</createdTime>
<ownerDesignName>AceleraPlenoDB_Relacional2</ownerDesignName>
<nullsAllowed>true</nullsAllowed>
<use>0</use>
<logicalDatatype>91229484-D19C-D458-8647-333C7FFE7B60</logicalDatatype>
<domain>5F57380A-860D-9355-4281-2D0B31DEC9D8</domain>
<ownDataTypeParameters>,,</ownDataTypeParameters>
<autoIncrementCycle>false</autoIncrementCycle>
</Column>
<Column name="CODCRIADOPOR" id="80915E5B-3C06-C4EB-8043-B8B09EB2C11E">
<sourceDDLFile>AceleraPlenoDB2.sql</sourceDDLFile>
<createdBy>A598111</createdBy>
<createdTime>2024-04-24 23:22:25 UTC</createdTime>
<ownerDesignName>AceleraPlenoDB_Relacional2</ownerDesignName>
<use>0</use>
<logicalDatatype>LOGDT011</logicalDatatype>
<domain>B52272F4-A62B-99C7-681A-BAAC8AF81BC4</domain>
<ownDataTypeParameters>,,</ownDataTypeParameters>
<autoIncrementCycle>false</autoIncrementCycle>
</Column>
<Column name="DATAHORACRIACAO" id="F3611858-6D51-F5D0-6C60-5F263A036C63">
<sourceDDLFile>AceleraPlenoDB2.sql</sourceDDLFile>
<createdBy>A598111</createdBy>
<createdTime>2024-04-24 23:22:25 UTC</createdTime>
<ownerDesignName>AceleraPlenoDB_Relacional2</ownerDesignName>
<use>0</use>
<logicalDatatype>91229484-D19C-D458-8647-333C7FFE7B60</logicalDatatype>
<domain>5F57380A-860D-9355-4281-2D0B31DEC9D8</domain>
<ownDataTypeParameters>,,</ownDataTypeParameters>
<autoIncrementCycle>false</autoIncrementCycle>
</Column>
<Column name="CODALTERADOPOR" id="D09FCCBF-EE6F-FAC3-2A34-6BD2FD9F1F76">
<sourceDDLFile>AceleraPlenoDB2.sql</sourceDDLFile>
<createdBy>A598111</createdBy>
<createdTime>2024-04-24 23:22:25 UTC</createdTime>
<ownerDesignName>AceleraPlenoDB_Relacional2</ownerDesignName>
<nullsAllowed>true</nullsAllowed>
<use>0</use>
<logicalDatatype>LOGDT011</logicalDatatype>
<domain>B52272F4-A62B-99C7-681A-BAAC8AF81BC4</domain>
<ownDataTypeParameters>,,</ownDataTypeParameters>
<autoIncrementCycle>false</autoIncrementCycle>
</Column>
<Column name="DATAHORAALTERACAO" id="E23C2D1D-6684-C1AA-30FA-5BF609B98AD7">
<sourceDDLFile>AceleraPlenoDB2.sql</sourceDDLFile>
<createdBy>A598111</createdBy>
<createdTime>2024-04-24 23:22:25 UTC</createdTime>
<ownerDesignName>AceleraPlenoDB_Relacional2</ownerDesignName>
<nullsAllowed>true</nullsAllowed>
<use>0</use>
<logicalDatatype>91229484-D19C-D458-8647-333C7FFE7B60</logicalDatatype>
<domain>5F57380A-860D-9355-4281-2D0B31DEC9D8</domain>
<ownDataTypeParameters>,,</ownDataTypeParameters>
<autoIncrementCycle>false</autoIncrementCycle>
</Column>
<Column name="CODINATIVOPOR" id="7AC412A4-31BC-01C8-2D82-D628C62066A8">
<sourceDDLFile>AceleraPlenoDB2.sql</sourceDDLFile>
<createdBy>A598111</createdBy>
<createdTime>2024-04-24 23:22:25 UTC</createdTime>
<ownerDesignName>AceleraPlenoDB_Relacional2</ownerDesignName>
<nullsAllowed>true</nullsAllowed>
<use>0</use>
<logicalDatatype>LOGDT011</logicalDatatype>
<domain>B52272F4-A62B-99C7-681A-BAAC8AF81BC4</domain>
<ownDataTypeParameters>,,</ownDataTypeParameters>
<autoIncrementCycle>false</autoIncrementCycle>
</Column>
<Column name="DATAHORAINATIVO" id="13B6BC5A-AF8D-E27B-933D-3F9B9E83C828">
<sourceDDLFile>AceleraPlenoDB2.sql</sourceDDLFile>
<createdBy>A598111</createdBy>
<createdTime>2024-04-24 23:22:25 UTC</createdTime>
<ownerDesignName>AceleraPlenoDB_Relacional2</ownerDesignName>
<nullsAllowed>true</nullsAllowed>
<use>0</use>
<logicalDatatype>91229484-D19C-D458-8647-333C7FFE7B60</logicalDatatype>
<domain>5F57380A-860D-9355-4281-2D0B31DEC9D8</domain>
<ownDataTypeParameters>,,</ownDataTypeParameters>
<autoIncrementCycle>false</autoIncrementCycle>
</Column>
</columns>
<indexes itemClass="oracle.dbtools.crest.model.design.relational.Index">
<ind_PK_UK id="73735B48-C5FC-BBBB-A97D-89AE77A95B00" name="02t_USUARIOSISTEMA_PK">
<createdBy>A598111</createdBy>
<createdTime>2024-04-24 22:43:38 UTC</createdTime>
<ownerDesignName>AceleraPlenoDB_Relacional2</ownerDesignName>
<pk>true</pk>
<indexState>Primary Constraint</indexState>
<isSurrogateKey>false</isSurrogateKey>
<indexColumnUsage>
<colUsage columnID="25541543-6828-B858-54C2-2FF23FDE3E83"/>
</indexColumnUsage>
</ind_PK_UK>
<ind_PK_UK id="6BE81184-80BB-FBE2-9C27-A6622F70289F" name="02t_USUARIOSISTEMA_08t_USUARIO_FK">
<createdBy>A598111</createdBy>
<createdTime>2024-05-06 18:51:21 UTC</createdTime>
<ownerDesignName>AceleraPlenoDB_Relacional2</ownerDesignName>
<indexState>Foreign Key</indexState>
<isSurrogateKey>false</isSurrogateKey>
<indexColumnUsage>
<colUsage columnID="A143F58E-C69E-824D-74C3-58477CCE7BE0"/>
</indexColumnUsage>
</ind_PK_UK>
</indexes>
</Table>