<?xml version = '1.0' encoding = 'UTF-8'?>
<Table class="oracle.dbtools.crest.model.design.relational.Table" directorySegmentName="seg_0" id="9741C66B-3EA2-3B2D-5447-900C3ADD29AE" schemaObject="8DC3194D-4F2B-4738-044F-8F34B7C70B48" name="04t_USUARIOSISTEMAGRUPOACESSO">
<createdBy>A598111</createdBy>
<createdTime>2024-05-09 15:45:26 UTC</createdTime>
<ownerDesignName>AceleraPlenoDB_Relacional2</ownerDesignName>
<ordsAlias>table_13</ordsAlias>
<spatialTable>true</spatialTable>
<allowColumnReorder>false</allowColumnReorder>
<existDependencyGenerateInDDl>true</existDependencyGenerateInDDl>
<parsed>true</parsed>
<columns itemClass="oracle.dbtools.crest.model.design.relational.Column">
<Column name="IDUSUARIOSISTEMAGRUPOACESSO" id="2021C7F3-2E1F-AD3D-EE2E-7588278F4295">
<createdBy>A598111</createdBy>
<createdTime>2024-05-09 15:47:04 UTC</createdTime>
<ownerDesignName>AceleraPlenoDB_Relacional2</ownerDesignName>
<use>0</use>
<logicalDatatype>LOGDT011</logicalDatatype>
<domain>B52272F4-A62B-99C7-681A-BAAC8AF81BC4</domain>
<ownDataTypeParameters>,,</ownDataTypeParameters>
<autoIncrementColumn>true</autoIncrementColumn>
<identityColumn>true</identityColumn>
<autoIncrementCycle>false</autoIncrementCycle>
</Column>
<Column name="IDUSUARIOSISTEMA" id="33CC3D21-A696-587F-0511-EF641BB112C1">
<createdBy>A598111</createdBy>
<createdTime>2024-05-09 15:48:06 UTC</createdTime>
<ownerDesignName>AceleraPlenoDB_Relacional2</ownerDesignName>
<use>0</use>
<logicalDatatype>LOGDT011</logicalDatatype>
<domain>B52272F4-A62B-99C7-681A-BAAC8AF81BC4</domain>
<ownDataTypeParameters>,,</ownDataTypeParameters>
<previousColumn>false</previousColumn>
<autoIncrementCycle>false</autoIncrementCycle>
<associations>
<colAssociation fkAssociation="31AA6BA2-23EB-55E8-0CB1-59DD34B7257D" referredColumn="25541543-6828-B858-54C2-2FF23FDE3E83"/>
</associations>
</Column>
<Column name="IDGRUPOACESSO" id="DF57C711-B7A0-1F3F-E410-60CF9AD40B69">
<createdBy>A598111</createdBy>
<createdTime>2024-05-09 15:48:12 UTC</createdTime>
<ownerDesignName>AceleraPlenoDB_Relacional2</ownerDesignName>
<use>0</use>
<logicalDatatype>LOGDT011</logicalDatatype>
<domain>B52272F4-A62B-99C7-681A-BAAC8AF81BC4</domain>
<ownDataTypeParameters>,,</ownDataTypeParameters>
<previousColumn>false</previousColumn>
<autoIncrementCycle>false</autoIncrementCycle>
<associations>
<colAssociation fkAssociation="BDD34F3C-DD71-A868-EA0E-177D831DE4D1" referredColumn="E54A0CF1-D064-8892-8FF3-ABC6C98CA0CB"/>
</associations>
</Column>
<Column name="CODCRIADOPOR" id="207C7C3C-1A74-2D72-F3CD-CD69837D54E9">
<sourceDDLFile>AceleraPlenoDB2.sql</sourceDDLFile>
<createdBy>A598111</createdBy>
<createdTime>2024-05-13 23:29:10 UTC</createdTime>
<ownerDesignName>AceleraPlenoDB_Relacional2</ownerDesignName>
<use>0</use>
<logicalDatatype>LOGDT011</logicalDatatype>
<domain>B52272F4-A62B-99C7-681A-BAAC8AF81BC4</domain>
<ownDataTypeParameters>,,</ownDataTypeParameters>
<autoIncrementCycle>false</autoIncrementCycle>
</Column>
<Column name="DATAHORACRIACAO" id="FB2320EE-6C63-5984-E99B-A542ABFCD20E">
<sourceDDLFile>AceleraPlenoDB2.sql</sourceDDLFile>
<createdBy>A598111</createdBy>
<createdTime>2024-05-13 23:29:10 UTC</createdTime>
<ownerDesignName>AceleraPlenoDB_Relacional2</ownerDesignName>
<use>0</use>
<logicalDatatype>91229484-D19C-D458-8647-333C7FFE7B60</logicalDatatype>
<domain>5F57380A-860D-9355-4281-2D0B31DEC9D8</domain>
<ownDataTypeParameters>,,</ownDataTypeParameters>
<autoIncrementCycle>false</autoIncrementCycle>
</Column>
<Column name="CODALTERADOPOR" id="4D13160F-E331-43CB-2005-41EEFC6FB725">
<sourceDDLFile>AceleraPlenoDB2.sql</sourceDDLFile>
<createdBy>A598111</createdBy>
<createdTime>2024-05-13 23:29:10 UTC</createdTime>
<ownerDesignName>AceleraPlenoDB_Relacional2</ownerDesignName>
<nullsAllowed>true</nullsAllowed>
<use>0</use>
<logicalDatatype>LOGDT011</logicalDatatype>
<domain>B52272F4-A62B-99C7-681A-BAAC8AF81BC4</domain>
<ownDataTypeParameters>,,</ownDataTypeParameters>
<autoIncrementCycle>false</autoIncrementCycle>
</Column>
<Column name="DATAHORAALTERACAO" id="AC73DEE2-1792-754C-09A8-9A9BE73BCA71">
<sourceDDLFile>AceleraPlenoDB2.sql</sourceDDLFile>
<createdBy>A598111</createdBy>
<createdTime>2024-05-13 23:29:10 UTC</createdTime>
<ownerDesignName>AceleraPlenoDB_Relacional2</ownerDesignName>
<nullsAllowed>true</nullsAllowed>
<use>0</use>
<logicalDatatype>91229484-D19C-D458-8647-333C7FFE7B60</logicalDatatype>
<domain>5F57380A-860D-9355-4281-2D0B31DEC9D8</domain>
<ownDataTypeParameters>,,</ownDataTypeParameters>
<autoIncrementCycle>false</autoIncrementCycle>
</Column>
<Column name="CODINATIVOPOR" id="1EE318BB-6DE0-4C80-5F26-E758DCC374B3">
<sourceDDLFile>AceleraPlenoDB2.sql</sourceDDLFile>
<createdBy>A598111</createdBy>
<createdTime>2024-05-13 23:29:10 UTC</createdTime>
<ownerDesignName>AceleraPlenoDB_Relacional2</ownerDesignName>
<nullsAllowed>true</nullsAllowed>
<use>0</use>
<logicalDatatype>LOGDT011</logicalDatatype>
<domain>B52272F4-A62B-99C7-681A-BAAC8AF81BC4</domain>
<ownDataTypeParameters>,,</ownDataTypeParameters>
<autoIncrementCycle>false</autoIncrementCycle>
</Column>
<Column name="DATAHORAINATIVO" id="A176621D-609D-4D74-7A1A-A42945EE7F3B">
<sourceDDLFile>AceleraPlenoDB2.sql</sourceDDLFile>
<createdBy>A598111</createdBy>
<createdTime>2024-05-13 23:29:10 UTC</createdTime>
<ownerDesignName>AceleraPlenoDB_Relacional2</ownerDesignName>
<nullsAllowed>true</nullsAllowed>
<use>0</use>
<logicalDatatype>91229484-D19C-D458-8647-333C7FFE7B60</logicalDatatype>
<domain>5F57380A-860D-9355-4281-2D0B31DEC9D8</domain>
<ownDataTypeParameters>,,</ownDataTypeParameters>
<autoIncrementCycle>false</autoIncrementCycle>
</Column>
</columns>
<indexes itemClass="oracle.dbtools.crest.model.design.relational.Index">
<ind_PK_UK id="3B89D118-8D00-67A4-1EC4-4CDF0FB78ED7" name="00t_USUARIOSISTEMAGRUPOACESSO_PK">
<createdBy>A598111</createdBy>
<createdTime>2024-05-09 15:47:04 UTC</createdTime>
<ownerDesignName>AceleraPlenoDB_Relacional2</ownerDesignName>
<pk>true</pk>
<indexState>Primary Constraint</indexState>
<isSurrogateKey>false</isSurrogateKey>
<indexColumnUsage>
<colUsage columnID="2021C7F3-2E1F-AD3D-EE2E-7588278F4295"/>
</indexColumnUsage>
</ind_PK_UK>
<ind_PK_UK id="CC9CD57C-7200-564B-9956-71EFCBC214A1" name="00t_USUARIOSISTEMAGRUPOACESSO_02t_USUARIOSISTEMA_FK">
<createdBy>A598111</createdBy>
<createdTime>2024-05-09 15:48:06 UTC</createdTime>
<ownerDesignName>AceleraPlenoDB_Relacional2</ownerDesignName>
<indexState>Foreign Key</indexState>
<isSurrogateKey>false</isSurrogateKey>
<indexColumnUsage>
<colUsage columnID="33CC3D21-A696-587F-0511-EF641BB112C1"/>
</indexColumnUsage>
</ind_PK_UK>
<ind_PK_UK id="261F0B88-C2E3-4B1C-9B57-49B9BD733AEA" name="00t_USUARIOSISTEMAGRUPOACESSO_00t_GRUPOACESSO_FK">
<createdBy>A598111</createdBy>
<createdTime>2024-05-09 15:48:12 UTC</createdTime>
<ownerDesignName>AceleraPlenoDB_Relacional2</ownerDesignName>
<indexState>Foreign Key</indexState>
<isSurrogateKey>false</isSurrogateKey>
<indexColumnUsage>
<colUsage columnID="DF57C711-B7A0-1F3F-E410-60CF9AD40B69"/>
</indexColumnUsage>
</ind_PK_UK>
</indexes>
</Table>