<?xml version = '1.0' encoding = 'UTF-8'?>
<Table class="oracle.dbtools.crest.model.design.relational.Table" directorySegmentName="seg_0" id="A3045887-41E1-E321-1F02-456F289E0DB7" schemaObject="8DC3194D-4F2B-4738-044F-8F34B7C70B48" name="06t_TRANSPORTADORAVALORES">
<sourceDDLFile>AceleraPlenoDB2.sql</sourceDDLFile>
<createdBy>A598111</createdBy>
<createdTime>2024-04-24 22:20:24 UTC</createdTime>
<ownerDesignName>AceleraPlenoDB_Relacional2</ownerDesignName>
<importedID>4BCD3FB5-B601-A20F-EDFA-73C331D1E271</importedID>
<ordsAlias>ttv</ordsAlias>
<allowColumnReorder>false</allowColumnReorder>
<existDependencyGenerateInDDl>true</existDependencyGenerateInDDl>
<parsed>true</parsed>
<columns itemClass="oracle.dbtools.crest.model.design.relational.Column">
<Column name="IDTRANSPORTADORAVALORES" id="5562A013-938D-F781-FBCE-4816B1AA5127">
<createdBy>A598111</createdBy>
<createdTime>2024-04-27 17:09:19 UTC</createdTime>
<ownerDesignName>AceleraPlenoDB_Relacional2</ownerDesignName>
<use>0</use>
<logicalDatatype>LOGDT011</logicalDatatype>
<domain>B52272F4-A62B-99C7-681A-BAAC8AF81BC4</domain>
<ownDataTypeParameters>,,</ownDataTypeParameters>
<autoIncrementColumn>true</autoIncrementColumn>
<identityColumn>true</identityColumn>
<autoIncrementCycle>false</autoIncrementCycle>
</Column>
<Column name="NUMCNPJ" id="A152A338-792D-4F35-4A03-CF504EDF3A9F">
<sourceDDLFile>AceleraPlenoDB2.sql</sourceDDLFile>
<createdBy>A598111</createdBy>
<createdTime>2024-04-24 22:20:24 UTC</createdTime>
<ownerDesignName>AceleraPlenoDB_Relacional2</ownerDesignName>
<importedID>977EB736-DCB7-4AD4-E81E-1B84C1C2257F</importedID>
<use>0</use>
<logicalDatatype>LOGDT037</logicalDatatype>
<domain>368CFB56-50A9-17B3-E93E-31CC7AD53B60</domain>
<ownDataTypeParameters>,,</ownDataTypeParameters>
<autoIncrementCycle>false</autoIncrementCycle>
</Column>
<Column name="DESCTRANSPORTADORA" id="EAFD17BE-488B-AB2E-D665-9D975770A010">
<sourceDDLFile>AceleraPlenoDB2.sql</sourceDDLFile>
<createdBy>A598111</createdBy>
<createdTime>2024-04-24 22:20:24 UTC</createdTime>
<ownerDesignName>AceleraPlenoDB_Relacional2</ownerDesignName>
<importedID>6CA74B13-C0AD-1AB7-5BEA-7B19AAD799F3</importedID>
<use>0</use>
<logicalDatatype>LOGDT037</logicalDatatype>
<domain>3DCFD58B-325B-5855-76FB-B66E2787B50A</domain>
<ownDataTypeParameters>,,</ownDataTypeParameters>
<autoIncrementCycle>false</autoIncrementCycle>
</Column>
<Column name="CODCRIADOPOR" id="C015D3CC-603F-CED6-6F75-384F50CF9E11">
<sourceDDLFile>AceleraPlenoDB2.sql</sourceDDLFile>
<createdBy>A598111</createdBy>
<createdTime>2024-04-25 00:15:43 UTC</createdTime>
<ownerDesignName>AceleraPlenoDB_Relacional2</ownerDesignName>
<use>0</use>
<logicalDatatype>LOGDT011</logicalDatatype>
<domain>B52272F4-A62B-99C7-681A-BAAC8AF81BC4</domain>
<ownDataTypeParameters>,,</ownDataTypeParameters>
<autoIncrementCycle>false</autoIncrementCycle>
</Column>
<Column name="DATAHORACRIACAO" id="9DFD0642-D1EE-A539-1851-654E695163B5">
<sourceDDLFile>AceleraPlenoDB2.sql</sourceDDLFile>
<createdBy>A598111</createdBy>
<createdTime>2024-04-25 00:15:43 UTC</createdTime>
<ownerDesignName>AceleraPlenoDB_Relacional2</ownerDesignName>
<use>0</use>
<logicalDatatype>91229484-D19C-D458-8647-333C7FFE7B60</logicalDatatype>
<domain>5F57380A-860D-9355-4281-2D0B31DEC9D8</domain>
<ownDataTypeParameters>,,</ownDataTypeParameters>
<autoIncrementCycle>false</autoIncrementCycle>
</Column>
<Column name="CODALTERADOPOR" id="DF0362AA-0121-DB90-F815-D58B52CA04D6">
<sourceDDLFile>AceleraPlenoDB2.sql</sourceDDLFile>
<createdBy>A598111</createdBy>
<createdTime>2024-04-25 00:15:43 UTC</createdTime>
<ownerDesignName>AceleraPlenoDB_Relacional2</ownerDesignName>
<nullsAllowed>true</nullsAllowed>
<use>0</use>
<logicalDatatype>LOGDT011</logicalDatatype>
<domain>B52272F4-A62B-99C7-681A-BAAC8AF81BC4</domain>
<ownDataTypeParameters>,,</ownDataTypeParameters>
<autoIncrementCycle>false</autoIncrementCycle>
</Column>
<Column name="DATAHORAALTERACAO" id="0C54E319-29EF-1F07-C261-41BC16AB9647">
<sourceDDLFile>AceleraPlenoDB2.sql</sourceDDLFile>
<createdBy>A598111</createdBy>
<createdTime>2024-04-25 00:15:43 UTC</createdTime>
<ownerDesignName>AceleraPlenoDB_Relacional2</ownerDesignName>
<nullsAllowed>true</nullsAllowed>
<use>0</use>
<logicalDatatype>91229484-D19C-D458-8647-333C7FFE7B60</logicalDatatype>
<domain>5F57380A-860D-9355-4281-2D0B31DEC9D8</domain>
<ownDataTypeParameters>,,</ownDataTypeParameters>
<autoIncrementCycle>false</autoIncrementCycle>
</Column>
<Column name="CODINATIVOPOR" id="F9B3E89F-5A19-51D5-481B-F302F376B701">
<sourceDDLFile>AceleraPlenoDB2.sql</sourceDDLFile>
<createdBy>A598111</createdBy>
<createdTime>2024-04-25 00:15:43 UTC</createdTime>
<ownerDesignName>AceleraPlenoDB_Relacional2</ownerDesignName>
<nullsAllowed>true</nullsAllowed>
<use>0</use>
<logicalDatatype>LOGDT011</logicalDatatype>
<domain>B52272F4-A62B-99C7-681A-BAAC8AF81BC4</domain>
<ownDataTypeParameters>,,</ownDataTypeParameters>
<autoIncrementCycle>false</autoIncrementCycle>
</Column>
<Column name="DATAHORAINATIVO" id="EBDF9746-CEBA-4C30-F5DC-47C27126A989">
<sourceDDLFile>AceleraPlenoDB2.sql</sourceDDLFile>
<createdBy>A598111</createdBy>
<createdTime>2024-04-25 00:15:43 UTC</createdTime>
<ownerDesignName>AceleraPlenoDB_Relacional2</ownerDesignName>
<nullsAllowed>true</nullsAllowed>
<use>0</use>
<logicalDatatype>91229484-D19C-D458-8647-333C7FFE7B60</logicalDatatype>
<domain>5F57380A-860D-9355-4281-2D0B31DEC9D8</domain>
<ownDataTypeParameters>,,</ownDataTypeParameters>
<autoIncrementCycle>false</autoIncrementCycle>
</Column>
</columns>
<indexes itemClass="oracle.dbtools.crest.model.design.relational.Index">
<ind_PK_UK id="43A08001-FA73-B4DB-FE3C-81ED6C475ED1" name="03t_TRANSPORTADORAVALORES_PK">
<sourceDDLFile>AceleraPlenoDB2.sql</sourceDDLFile>
<createdBy>A598111</createdBy>
<createdTime>2024-04-24 22:20:24 UTC</createdTime>
<ownerDesignName>AceleraPlenoDB_Relacional2</ownerDesignName>
<importedID>CB899E9F-65EE-505E-8629-E0A1EE776C14</importedID>
<pk>true</pk>
<indexState>Primary Constraint</indexState>
<isSurrogateKey>false</isSurrogateKey>
<indexColumnUsage>
<colUsage columnID="5562A013-938D-F781-FBCE-4816B1AA5127"/>
</indexColumnUsage>
</ind_PK_UK>
</indexes>
</Table>