<?xml version = '1.0' encoding = 'UTF-8'?>
<Table class="oracle.dbtools.crest.model.design.relational.Table" directorySegmentName="seg_0" id="AE29B017-808A-DA00-3A60-0E15CC1B61B6" schemaObject="8DC3194D-4F2B-4738-044F-8F34B7C70B48" name="01t_CARGA">
<sourceDDLFile>AceleraPlenoDB2.sql</sourceDDLFile>
<createdBy>A598111</createdBy>
<createdTime>2024-04-24 22:20:24 UTC</createdTime>
<ownerDesignName>AceleraPlenoDB_Relacional2</ownerDesignName>
<importedID>665FF48E-B773-96E4-ACEF-3C229A046BBF</importedID>
<ordsAlias>tbl</ordsAlias>
<allowColumnReorder>false</allowColumnReorder>
<existDependencyGenerateInDDl>true</existDependencyGenerateInDDl>
<parsed>true</parsed>
<columns itemClass="oracle.dbtools.crest.model.design.relational.Column">
<Column name="IDCARGA" id="6A6DB6FC-737E-0EAA-A62C-13C73FCFF98A">
<createdBy>A598111</createdBy>
<createdTime>2024-04-27 17:07:01 UTC</createdTime>
<ownerDesignName>AceleraPlenoDB_Relacional2</ownerDesignName>
<use>0</use>
<logicalDatatype>LOGDT011</logicalDatatype>
<domain>B52272F4-A62B-99C7-681A-BAAC8AF81BC4</domain>
<ownDataTypeParameters>,,</ownDataTypeParameters>
<autoIncrementColumn>true</autoIncrementColumn>
<identityColumn>true</identityColumn>
<autoIncrementCycle>false</autoIncrementCycle>
</Column>
<Column name="IDUSUARIOSISTEMA" id="F7EAFB14-9EC3-D6DE-0D03-F80EF4675BA9">
<createdBy>A598111</createdBy>
<createdTime>2024-04-25 23:47:27 UTC</createdTime>
<ownerDesignName>AceleraPlenoDB_Relacional2</ownerDesignName>
<use>0</use>
<logicalDatatype>LOGDT011</logicalDatatype>
<domain>B52272F4-A62B-99C7-681A-BAAC8AF81BC4</domain>
<ownDataTypeParameters>,,</ownDataTypeParameters>
<previousColumn>false</previousColumn>
<autoIncrementCycle>false</autoIncrementCycle>
<associations>
<colAssociation fkAssociation="D9A6C4F6-EDEF-7C15-01DE-470C0D8DE7A7" referredColumn="25541543-6828-B858-54C2-2FF23FDE3E83"/>
</associations>
</Column>
<Column name="DESCARQUIVO" id="AAA44924-3461-FDF2-D8C2-460EF6901179">
<sourceDDLFile>AceleraPlenoDB2.sql</sourceDDLFile>
<createdBy>A598111</createdBy>
<createdTime>2024-04-24 22:20:24 UTC</createdTime>
<ownerDesignName>AceleraPlenoDB_Relacional2</ownerDesignName>
<importedID>BDE982B1-DA22-4F66-8814-41B674FDAEC9</importedID>
<use>0</use>
<logicalDatatype>LOGDT037</logicalDatatype>
<domain>3DCFD58B-325B-5855-76FB-B66E2787B50A</domain>
<ownDataTypeParameters>,,</ownDataTypeParameters>
<autoIncrementCycle>false</autoIncrementCycle>
</Column>
<Column name="TIPOARQUIVO" id="EC769B9D-0A42-EE76-8FBF-4923E6E8AC7E">
<sourceDDLFile>AceleraPlenoDB2.sql</sourceDDLFile>
<createdBy>A598111</createdBy>
<createdTime>2024-04-24 22:20:24 UTC</createdTime>
<ownerDesignName>AceleraPlenoDB_Relacional2</ownerDesignName>
<importedID>BDF89011-05CD-D836-30BA-2B746DBD9DC6</importedID>
<use>0</use>
<logicalDatatype>LOGDT037</logicalDatatype>
<domain>368CFB56-50A9-17B3-E93E-31CC7AD53B60</domain>
<ownDataTypeParameters>,,</ownDataTypeParameters>
<autoIncrementCycle>false</autoIncrementCycle>
</Column>
<Column name="DIRETORIO" id="389F0602-BD29-084E-E359-B2A1ED057F2D">
<createdBy>A598111</createdBy>
<createdTime>2024-04-24 23:25:52 UTC</createdTime>
<ownerDesignName>AceleraPlenoDB_Relacional2</ownerDesignName>
<use>0</use>
<logicalDatatype>LOGDT037</logicalDatatype>
<domain>D77BB522-F585-0E5A-B35D-A2ACB4F6C0F8</domain>
<ownDataTypeParameters>,,</ownDataTypeParameters>
<autoIncrementCycle>false</autoIncrementCycle>
</Column>
<Column name="ESTADOCARGA" id="9BC22FBA-2207-074E-E23B-55F3E2B2DD10">
<createdBy>A598111</createdBy>
<createdTime>2024-04-24 23:27:44 UTC</createdTime>
<ownerDesignName>AceleraPlenoDB_Relacional2</ownerDesignName>
<use>0</use>
<logicalDatatype>LOGDT011</logicalDatatype>
<domain>B52272F4-A62B-99C7-681A-BAAC8AF81BC4</domain>
<ownDataTypeParameters>,,</ownDataTypeParameters>
<autoIncrementCycle>false</autoIncrementCycle>
</Column>
<Column name="MENSAGEMERRO" id="9006CCE9-B55A-CFA5-BB77-043530A20044">
<createdBy>A598111</createdBy>
<createdTime>2024-05-04 15:36:22 UTC</createdTime>
<ownerDesignName>AceleraPlenoDB_Relacional2</ownerDesignName>
<nullsAllowed>true</nullsAllowed>
<use>0</use>
<logicalDatatype>LOGDT037</logicalDatatype>
<domain>D77BB522-F585-0E5A-B35D-A2ACB4F6C0F8</domain>
<ownDataTypeParameters>,,</ownDataTypeParameters>
<autoIncrementCycle>false</autoIncrementCycle>
</Column>
<Column name="DATAHORACARGA" id="A80C3DFE-30C0-0CAF-3046-92E8C7BF6FA2">
<sourceDDLFile>AceleraPlenoDB2.sql</sourceDDLFile>
<createdBy>A598111</createdBy>
<createdTime>2024-04-24 22:20:24 UTC</createdTime>
<ownerDesignName>AceleraPlenoDB_Relacional2</ownerDesignName>
<importedID>688CB6E2-AE15-42DD-D1D8-057171FE17F6</importedID>
<use>0</use>
<logicalDatatype>91229484-D19C-D458-8647-333C7FFE7B60</logicalDatatype>
<domain>5F57380A-860D-9355-4281-2D0B31DEC9D8</domain>
<ownDataTypeParameters>,,</ownDataTypeParameters>
<autoIncrementCycle>false</autoIncrementCycle>
</Column>
</columns>
<indexes itemClass="oracle.dbtools.crest.model.design.relational.Index">
<ind_PK_UK id="F9C51D96-E08B-89BA-A9E9-4E98219C5548" name="01t_CARGA_PK">
<sourceDDLFile>AceleraPlenoDB2.sql</sourceDDLFile>
<createdBy>A598111</createdBy>
<createdTime>2024-04-24 22:20:24 UTC</createdTime>
<ownerDesignName>AceleraPlenoDB_Relacional2</ownerDesignName>
<importedID>C7A55161-BA82-92C1-EF91-320748E3DE23</importedID>
<pk>true</pk>
<indexState>Primary Constraint</indexState>
<isSurrogateKey>false</isSurrogateKey>
<indexColumnUsage>
<colUsage columnID="6A6DB6FC-737E-0EAA-A62C-13C73FCFF98A"/>
</indexColumnUsage>
</ind_PK_UK>
<ind_PK_UK id="212551DB-C841-197D-E172-2EDAA6C7EE2A" name="01t_CARGA_02t_USUARIOSISTEMA_FK">
<createdBy>A598111</createdBy>
<createdTime>2024-04-25 23:47:27 UTC</createdTime>
<ownerDesignName>AceleraPlenoDB_Relacional2</ownerDesignName>
<indexState>Foreign Key</indexState>
<isSurrogateKey>false</isSurrogateKey>
<indexColumnUsage>
<colUsage columnID="F7EAFB14-9EC3-D6DE-0D03-F80EF4675BA9"/>
</indexColumnUsage>
</ind_PK_UK>
</indexes>
</Table>