<?xml version = '1.0' encoding = 'UTF-8'?>
<Table class="oracle.dbtools.crest.model.design.relational.Table" directorySegmentName="seg_0" id="D667CB87-74FD-0E49-AD9F-51F718AB46BD" schemaObject="8DC3194D-4F2B-4738-044F-8F34B7C70B48" name="07t_UNIDADEINSTITUICAOTRANSPORTADORAVALORES">
<createdBy>A598111</createdBy>
<createdTime>2024-05-08 14:49:07 UTC</createdTime>
<ownerDesignName>AceleraPlenoDB_Relacional2</ownerDesignName>
<ordsAlias>table_10</ordsAlias>
<allowColumnReorder>false</allowColumnReorder>
<existDependencyGenerateInDDl>true</existDependencyGenerateInDDl>
<parsed>true</parsed>
<columns itemClass="oracle.dbtools.crest.model.design.relational.Column">
<Column name="IDUNIDADEINSTTRANSPORTADORAVALORES" id="8A4FE5B4-0052-096B-45A4-A68FD9C8B91D">
<createdBy>A598111</createdBy>
<createdTime>2024-05-08 14:50:31 UTC</createdTime>
<ownerDesignName>AceleraPlenoDB_Relacional2</ownerDesignName>
<use>0</use>
<logicalDatatype>LOGDT011</logicalDatatype>
<domain>B52272F4-A62B-99C7-681A-BAAC8AF81BC4</domain>
<ownDataTypeParameters>,,</ownDataTypeParameters>
<autoIncrementColumn>true</autoIncrementColumn>
<identityColumn>true</identityColumn>
<autoIncrementCycle>false</autoIncrementCycle>
</Column>
<Column name="IDTRANSPORTADORAVALORES" id="4C61FBAC-12CB-D2C4-8D7A-E2576F68FE75">
<createdBy>A598111</createdBy>
<createdTime>2024-05-08 14:51:21 UTC</createdTime>
<ownerDesignName>AceleraPlenoDB_Relacional2</ownerDesignName>
<use>0</use>
<logicalDatatype>LOGDT011</logicalDatatype>
<domain>B52272F4-A62B-99C7-681A-BAAC8AF81BC4</domain>
<ownDataTypeParameters>,,</ownDataTypeParameters>
<previousColumn>false</previousColumn>
<autoIncrementCycle>false</autoIncrementCycle>
<associations>
<colAssociation fkAssociation="FA3CF3AD-7D1E-D428-180A-61AB53C06D05" referredColumn="5562A013-938D-F781-FBCE-4816B1AA5127"/>
</associations>
</Column>
<Column name="IDUNIDADEINST" id="BC9B0F0D-8861-0002-6A74-FEC186708114">
<createdBy>A598111</createdBy>
<createdTime>2024-05-08 14:51:48 UTC</createdTime>
<ownerDesignName>AceleraPlenoDB_Relacional2</ownerDesignName>
<use>0</use>
<logicalDatatype>LOGDT037</logicalDatatype>
<domain>804AE4DD-6D5C-0827-8915-DE2882492E6A</domain>
<ownDataTypeParameters>,,</ownDataTypeParameters>
<previousColumn>false</previousColumn>
<autoIncrementCycle>false</autoIncrementCycle>
<associations>
<colAssociation fkAssociation="769BE4E3-BC97-7554-0029-98FDD6FAF5A0" referredColumn="429A832C-F9A3-3B1E-8C22-9900C5E7DE11"/>
</associations>
</Column>
<Column name="CODCRIADOPOR" id="00B2B18E-ECC7-0B77-3F5E-017F569DB640">
<sourceDDLFile>AceleraPlenoDB2.sql</sourceDDLFile>
<createdBy>A598111</createdBy>
<createdTime>2024-05-13 23:29:05 UTC</createdTime>
<ownerDesignName>AceleraPlenoDB_Relacional2</ownerDesignName>
<use>0</use>
<logicalDatatype>LOGDT011</logicalDatatype>
<domain>B52272F4-A62B-99C7-681A-BAAC8AF81BC4</domain>
<ownDataTypeParameters>,,</ownDataTypeParameters>
<autoIncrementCycle>false</autoIncrementCycle>
</Column>
<Column name="DATAHORACRIACAO" id="E4BFB8B0-ABFC-5B03-0E15-5CFD8D38106F">
<sourceDDLFile>AceleraPlenoDB2.sql</sourceDDLFile>
<createdBy>A598111</createdBy>
<createdTime>2024-05-13 23:29:05 UTC</createdTime>
<ownerDesignName>AceleraPlenoDB_Relacional2</ownerDesignName>
<use>0</use>
<logicalDatatype>91229484-D19C-D458-8647-333C7FFE7B60</logicalDatatype>
<domain>5F57380A-860D-9355-4281-2D0B31DEC9D8</domain>
<ownDataTypeParameters>,,</ownDataTypeParameters>
<autoIncrementCycle>false</autoIncrementCycle>
</Column>
<Column name="CODALTERADOPOR" id="06D1D93D-D4EE-C89D-6D99-1CEEC066DF72">
<sourceDDLFile>AceleraPlenoDB2.sql</sourceDDLFile>
<createdBy>A598111</createdBy>
<createdTime>2024-05-13 23:29:05 UTC</createdTime>
<ownerDesignName>AceleraPlenoDB_Relacional2</ownerDesignName>
<nullsAllowed>true</nullsAllowed>
<use>0</use>
<logicalDatatype>LOGDT011</logicalDatatype>
<domain>B52272F4-A62B-99C7-681A-BAAC8AF81BC4</domain>
<ownDataTypeParameters>,,</ownDataTypeParameters>
<autoIncrementCycle>false</autoIncrementCycle>
</Column>
<Column name="DATAHORAALTERACAO" id="42E37D3D-7DCD-6E75-BC93-F4F7F6384508">
<sourceDDLFile>AceleraPlenoDB2.sql</sourceDDLFile>
<createdBy>A598111</createdBy>
<createdTime>2024-05-13 23:29:05 UTC</createdTime>
<ownerDesignName>AceleraPlenoDB_Relacional2</ownerDesignName>
<nullsAllowed>true</nullsAllowed>
<use>0</use>
<logicalDatatype>91229484-D19C-D458-8647-333C7FFE7B60</logicalDatatype>
<domain>5F57380A-860D-9355-4281-2D0B31DEC9D8</domain>
<ownDataTypeParameters>,,</ownDataTypeParameters>
<autoIncrementCycle>false</autoIncrementCycle>
</Column>
<Column name="CODINATIVOPOR" id="2BB99347-208F-C838-871D-12F26F834F3C">
<sourceDDLFile>AceleraPlenoDB2.sql</sourceDDLFile>
<createdBy>A598111</createdBy>
<createdTime>2024-05-13 23:29:05 UTC</createdTime>
<ownerDesignName>AceleraPlenoDB_Relacional2</ownerDesignName>
<nullsAllowed>true</nullsAllowed>
<use>0</use>
<logicalDatatype>LOGDT011</logicalDatatype>
<domain>B52272F4-A62B-99C7-681A-BAAC8AF81BC4</domain>
<ownDataTypeParameters>,,</ownDataTypeParameters>
<autoIncrementCycle>false</autoIncrementCycle>
</Column>
<Column name="DATAHORAINATIVO" id="572E4D68-5ACA-E878-68FC-BD2AF0853E8F">
<sourceDDLFile>AceleraPlenoDB2.sql</sourceDDLFile>
<createdBy>A598111</createdBy>
<createdTime>2024-05-13 23:29:05 UTC</createdTime>
<ownerDesignName>AceleraPlenoDB_Relacional2</ownerDesignName>
<nullsAllowed>true</nullsAllowed>
<use>0</use>
<logicalDatatype>91229484-D19C-D458-8647-333C7FFE7B60</logicalDatatype>
<domain>5F57380A-860D-9355-4281-2D0B31DEC9D8</domain>
<ownDataTypeParameters>,,</ownDataTypeParameters>
<autoIncrementCycle>false</autoIncrementCycle>
</Column>
</columns>
<indexes itemClass="oracle.dbtools.crest.model.design.relational.Index">
<ind_PK_UK id="65D7334A-CA72-8A20-DD4E-8FFBD7C3C4FB" name="00t_UNIDADEINSTITUICAOTRANSPORTADORAVALORES_PK">
<createdBy>A598111</createdBy>
<createdTime>2024-05-08 14:50:31 UTC</createdTime>
<ownerDesignName>AceleraPlenoDB_Relacional2</ownerDesignName>
<pk>true</pk>
<indexState>Primary Constraint</indexState>
<isSurrogateKey>false</isSurrogateKey>
<indexColumnUsage>
<colUsage columnID="8A4FE5B4-0052-096B-45A4-A68FD9C8B91D"/>
</indexColumnUsage>
</ind_PK_UK>
<ind_PK_UK id="E873F489-6C61-FE84-F26B-F6C8493B8AFF" name="00t_UNIDADEINSTITUICAOTRANSPORTADORAVALORES_03t_TRANSPORTADORAVALORES_FK">
<createdBy>A598111</createdBy>
<createdTime>2024-05-08 14:51:21 UTC</createdTime>
<ownerDesignName>AceleraPlenoDB_Relacional2</ownerDesignName>
<indexState>Foreign Key</indexState>
<isSurrogateKey>false</isSurrogateKey>
<indexColumnUsage>
<colUsage columnID="4C61FBAC-12CB-D2C4-8D7A-E2576F68FE75"/>
</indexColumnUsage>
</ind_PK_UK>
<ind_PK_UK id="89A4B89F-B957-3F63-E570-183A3E2AC231" name="00t_UNIDADEINSTITUICAOTRANSPORTADORAVALORES_04t_UNIDADEINSTITUICAO_FK">
<createdBy>A598111</createdBy>
<createdTime>2024-05-08 14:51:48 UTC</createdTime>
<ownerDesignName>AceleraPlenoDB_Relacional2</ownerDesignName>
<indexState>Foreign Key</indexState>
<isSurrogateKey>false</isSurrogateKey>
<indexColumnUsage>
<colUsage columnID="BC9B0F0D-8861-0002-6A74-FEC186708114"/>
</indexColumnUsage>
</ind_PK_UK>
</indexes>
</Table>