<?xml version = '1.0' encoding = 'UTF-8'?>
<Table class="oracle.dbtools.crest.model.design.relational.Table" directorySegmentName="seg_0" id="E67C9008-9E59-E8A5-B3F8-7F73B7E8CEC3" schemaObject="8DC3194D-4F2B-4738-044F-8F34B7C70B48" name="03t_GRUPOACESSO">
<createdBy>A598111</createdBy>
<createdTime>2024-05-09 15:41:47 UTC</createdTime>
<ownerDesignName>AceleraPlenoDB_Relacional2</ownerDesignName>
<ordsAlias>table_12</ordsAlias>
<allowColumnReorder>false</allowColumnReorder>
<existDependencyGenerateInDDl>true</existDependencyGenerateInDDl>
<parsed>true</parsed>
<columns itemClass="oracle.dbtools.crest.model.design.relational.Column">
<Column name="IDGRUPOACESSO" id="E54A0CF1-D064-8892-8FF3-ABC6C98CA0CB">
<createdBy>A598111</createdBy>
<createdTime>2024-05-09 15:43:26 UTC</createdTime>
<ownerDesignName>AceleraPlenoDB_Relacional2</ownerDesignName>
<use>0</use>
<logicalDatatype>LOGDT011</logicalDatatype>
<domain>B52272F4-A62B-99C7-681A-BAAC8AF81BC4</domain>
<ownDataTypeParameters>,,</ownDataTypeParameters>
<autoIncrementColumn>true</autoIncrementColumn>
<identityColumn>true</identityColumn>
<autoIncrementCycle>false</autoIncrementCycle>
</Column>
<Column name="DESCGRUPOACESSO" id="B244CD4E-6082-EFBE-3373-A33991915E9C">
<createdBy>A598111</createdBy>
<createdTime>2024-05-09 15:43:54 UTC</createdTime>
<ownerDesignName>AceleraPlenoDB_Relacional2</ownerDesignName>
<nullsAllowed>true</nullsAllowed>
<use>0</use>
<logicalDatatype>LOGDT037</logicalDatatype>
<domain>368CFB56-50A9-17B3-E93E-31CC7AD53B60</domain>
<ownDataTypeParameters>,,</ownDataTypeParameters>
<autoIncrementCycle>false</autoIncrementCycle>
</Column>
<Column name="CODCRIADOPOR" id="CA6DAE74-C60E-B2F2-7637-128D3C8219BE">
<sourceDDLFile>AceleraPlenoDB2.sql</sourceDDLFile>
<createdBy>A598111</createdBy>
<createdTime>2024-05-09 15:44:45 UTC</createdTime>
<ownerDesignName>AceleraPlenoDB_Relacional2</ownerDesignName>
<use>0</use>
<logicalDatatype>LOGDT011</logicalDatatype>
<domain>B52272F4-A62B-99C7-681A-BAAC8AF81BC4</domain>
<ownDataTypeParameters>,,</ownDataTypeParameters>
<autoIncrementCycle>false</autoIncrementCycle>
</Column>
<Column name="DATAHORACRIACAO" id="AC6A791B-F166-5F67-BD54-1BB9F708B210">
<sourceDDLFile>AceleraPlenoDB2.sql</sourceDDLFile>
<createdBy>A598111</createdBy>
<createdTime>2024-05-09 15:44:45 UTC</createdTime>
<ownerDesignName>AceleraPlenoDB_Relacional2</ownerDesignName>
<use>0</use>
<logicalDatatype>91229484-D19C-D458-8647-333C7FFE7B60</logicalDatatype>
<domain>5F57380A-860D-9355-4281-2D0B31DEC9D8</domain>
<ownDataTypeParameters>,,</ownDataTypeParameters>
<autoIncrementCycle>false</autoIncrementCycle>
</Column>
<Column name="CODALTERADOPOR" id="181FEFA1-8051-45CF-B75E-8F4780613FA4">
<sourceDDLFile>AceleraPlenoDB2.sql</sourceDDLFile>
<createdBy>A598111</createdBy>
<createdTime>2024-05-09 15:44:45 UTC</createdTime>
<ownerDesignName>AceleraPlenoDB_Relacional2</ownerDesignName>
<nullsAllowed>true</nullsAllowed>
<use>0</use>
<logicalDatatype>LOGDT011</logicalDatatype>
<domain>B52272F4-A62B-99C7-681A-BAAC8AF81BC4</domain>
<ownDataTypeParameters>,,</ownDataTypeParameters>
<autoIncrementCycle>false</autoIncrementCycle>
</Column>
<Column name="DATAHORAALTERACAO" id="FC165D3B-A278-80F4-9309-655799AE0C2A">
<sourceDDLFile>AceleraPlenoDB2.sql</sourceDDLFile>
<createdBy>A598111</createdBy>
<createdTime>2024-05-09 15:44:45 UTC</createdTime>
<ownerDesignName>AceleraPlenoDB_Relacional2</ownerDesignName>
<nullsAllowed>true</nullsAllowed>
<use>0</use>
<logicalDatatype>91229484-D19C-D458-8647-333C7FFE7B60</logicalDatatype>
<domain>5F57380A-860D-9355-4281-2D0B31DEC9D8</domain>
<ownDataTypeParameters>,,</ownDataTypeParameters>
<autoIncrementCycle>false</autoIncrementCycle>
</Column>
<Column name="CODINATIVOPOR" id="5FBCBC96-76DB-43EB-F9F1-82F753BEB084">
<sourceDDLFile>AceleraPlenoDB2.sql</sourceDDLFile>
<createdBy>A598111</createdBy>
<createdTime>2024-05-09 15:44:45 UTC</createdTime>
<ownerDesignName>AceleraPlenoDB_Relacional2</ownerDesignName>
<nullsAllowed>true</nullsAllowed>
<use>0</use>
<logicalDatatype>LOGDT011</logicalDatatype>
<domain>B52272F4-A62B-99C7-681A-BAAC8AF81BC4</domain>
<ownDataTypeParameters>,,</ownDataTypeParameters>
<autoIncrementCycle>false</autoIncrementCycle>
</Column>
<Column name="DATAHORAINATIVO" id="734789A9-D593-E4A9-14D7-B5C2F4128681">
<sourceDDLFile>AceleraPlenoDB2.sql</sourceDDLFile>
<createdBy>A598111</createdBy>
<createdTime>2024-05-09 15:44:45 UTC</createdTime>
<ownerDesignName>AceleraPlenoDB_Relacional2</ownerDesignName>
<nullsAllowed>true</nullsAllowed>
<use>0</use>
<logicalDatatype>91229484-D19C-D458-8647-333C7FFE7B60</logicalDatatype>
<domain>5F57380A-860D-9355-4281-2D0B31DEC9D8</domain>
<ownDataTypeParameters>,,</ownDataTypeParameters>
<autoIncrementCycle>false</autoIncrementCycle>
</Column>
</columns>
<indexes itemClass="oracle.dbtools.crest.model.design.relational.Index">
<ind_PK_UK id="0C2EF58D-BF9E-A893-9757-DEC80F9832FD" name="00t_GRUPOACESSO_PK">
<createdBy>A598111</createdBy>
<createdTime>2024-05-09 15:43:26 UTC</createdTime>
<ownerDesignName>AceleraPlenoDB_Relacional2</ownerDesignName>
<pk>true</pk>
<indexState>Primary Constraint</indexState>
<isSurrogateKey>false</isSurrogateKey>
<indexColumnUsage>
<colUsage columnID="E54A0CF1-D064-8892-8FF3-ABC6C98CA0CB"/>
</indexColumnUsage>
</ind_PK_UK>
</indexes>
</Table>