<?xml version = '1.0' encoding = 'UTF-8'?>
<Table class="oracle.dbtools.crest.model.design.relational.Table" directorySegmentName="seg_0" id="F4634EA6-5141-6254-7ACF-E73F45C94812" schemaObject="8DC3194D-4F2B-4738-044F-8F34B7C70B48" name="05t_UNIDADEINSTITUICAO">
<sourceDDLFile>AceleraPlenoDB2.sql</sourceDDLFile>
<createdBy>A598111</createdBy>
<createdTime>2024-04-24 22:20:24 UTC</createdTime>
<ownerDesignName>AceleraPlenoDB_Relacional2</ownerDesignName>
<importedID>4B137084-AF43-6469-7C44-3DA213C06CA6</importedID>
<ordsAlias>tui</ordsAlias>
<allowColumnReorder>false</allowColumnReorder>
<existDependencyGenerateInDDl>true</existDependencyGenerateInDDl>
<parsed>true</parsed>
<columns itemClass="oracle.dbtools.crest.model.design.relational.Column">
<Column name="IDUNIDADEINST" id="429A832C-F9A3-3B1E-8C22-9900C5E7DE11">
<sourceDDLFile>AceleraPlenoDB2.sql</sourceDDLFile>
<createdBy>A598111</createdBy>
<createdTime>2024-04-24 22:20:24 UTC</createdTime>
<ownerDesignName>AceleraPlenoDB_Relacional2</ownerDesignName>
<importedID>A815905C-4B18-895C-37CB-8ED807CDB26A</importedID>
<use>0</use>
<logicalDatatype>LOGDT037</logicalDatatype>
<domain>804AE4DD-6D5C-0827-8915-DE2882492E6A</domain>
<ownDataTypeParameters>,,</ownDataTypeParameters>
<autoIncrementCycle>false</autoIncrementCycle>
</Column>
<Column name="IDINSTITUICAO" id="F69C246C-6290-1EEF-56AF-F0EF0264A7D3">
<sourceDDLFile>AceleraPlenoDB2.sql</sourceDDLFile>
<createdBy>A598111</createdBy>
<createdTime>2024-04-24 22:20:24 UTC</createdTime>
<ownerDesignName>AceleraPlenoDB_Relacional2</ownerDesignName>
<importedID>4FA8F0F7-919E-0AC3-451F-17123053957F</importedID>
<use>0</use>
<logicalDatatype>LOGDT011</logicalDatatype>
<domain>B52272F4-A62B-99C7-681A-BAAC8AF81BC4</domain>
<ownDataTypeParameters>,,</ownDataTypeParameters>
<autoIncrementCycle>false</autoIncrementCycle>
</Column>
<Column name="NUMCNPJ" id="ED350286-387B-8C9B-CF53-7823ADB88588">
<sourceDDLFile>AceleraPlenoDB2.sql</sourceDDLFile>
<createdBy>A598111</createdBy>
<createdTime>2024-04-24 22:20:24 UTC</createdTime>
<ownerDesignName>AceleraPlenoDB_Relacional2</ownerDesignName>
<importedID>2BEC4F28-22A2-279A-3ECF-B662BD4333B6</importedID>
<nullsAllowed>true</nullsAllowed>
<use>0</use>
<logicalDatatype>LOGDT037</logicalDatatype>
<domain>72E42FFB-4845-5BDA-357E-355A5F8934FB</domain>
<ownDataTypeParameters>,,</ownDataTypeParameters>
<autoIncrementCycle>false</autoIncrementCycle>
</Column>
<Column name="NOMEUNIDADE" id="8D2035C5-33E5-1D4E-6600-B415A54CAB25">
<sourceDDLFile>AceleraPlenoDB2.sql</sourceDDLFile>
<createdBy>A598111</createdBy>
<createdTime>2024-04-24 22:20:24 UTC</createdTime>
<ownerDesignName>AceleraPlenoDB_Relacional2</ownerDesignName>
<importedID>C5B98640-6011-16A5-6BAA-3CA1CCCFCBE7</importedID>
<use>0</use>
<logicalDatatype>LOGDT037</logicalDatatype>
<domain>D77BB522-F585-0E5A-B35D-A2ACB4F6C0F8</domain>
<ownDataTypeParameters>,,</ownDataTypeParameters>
<autoIncrementCycle>false</autoIncrementCycle>
</Column>
<Column name="SIGLAUNIDADE" id="C2A02BE8-CB6A-1EF8-A69E-9F6A920260A9">
<sourceDDLFile>AceleraPlenoDB2.sql</sourceDDLFile>
<createdBy>A598111</createdBy>
<createdTime>2024-04-24 22:20:24 UTC</createdTime>
<ownerDesignName>AceleraPlenoDB_Relacional2</ownerDesignName>
<importedID>B3FFBACB-0ACF-391D-D3F5-6B623805A5FB</importedID>
<use>0</use>
<logicalDatatype>LOGDT037</logicalDatatype>
<domain>368CFB56-50A9-17B3-E93E-31CC7AD53B60</domain>
<ownDataTypeParameters>,,</ownDataTypeParameters>
<autoIncrementCycle>false</autoIncrementCycle>
</Column>
<Column name="DATACADASTRAMENTO" id="ADB42E78-012B-1793-3E06-D20E78C22E26">
<sourceDDLFile>AceleraPlenoDB2.sql</sourceDDLFile>
<createdBy>A598111</createdBy>
<createdTime>2024-04-24 22:20:24 UTC</createdTime>
<ownerDesignName>AceleraPlenoDB_Relacional2</ownerDesignName>
<importedID>B77B493E-9B18-C4EF-AF45-30FCBA043FC7</importedID>
<use>0</use>
<logicalDatatype>LOGDT008</logicalDatatype>
<domain>E846DC40-59B8-45C6-3456-361CE22B1110</domain>
<ownDataTypeParameters>,,</ownDataTypeParameters>
<autoIncrementCycle>false</autoIncrementCycle>
</Column>
<Column name="CODTIPOINSTITUICAO" id="F27FA72E-6151-97D8-C4A2-CC9914B28C38">
<sourceDDLFile>AceleraPlenoDB2.sql</sourceDDLFile>
<createdBy>A598111</createdBy>
<createdTime>2024-04-24 22:20:24 UTC</createdTime>
<ownerDesignName>AceleraPlenoDB_Relacional2</ownerDesignName>
<importedID>C66F9F7A-C053-BC15-5683-BDAAB5E685DD</importedID>
<use>0</use>
<logicalDatatype>LOGDT011</logicalDatatype>
<domain>B52272F4-A62B-99C7-681A-BAAC8AF81BC4</domain>
<ownDataTypeParameters>,,</ownDataTypeParameters>
<autoIncrementCycle>false</autoIncrementCycle>
</Column>
<Column name="CODTIPOUNIDADE" id="DD3CE20B-B224-39F0-1DAB-0D523648D614">
<sourceDDLFile>AceleraPlenoDB2.sql</sourceDDLFile>
<createdBy>A598111</createdBy>
<createdTime>2024-04-24 22:20:24 UTC</createdTime>
<ownerDesignName>AceleraPlenoDB_Relacional2</ownerDesignName>
<importedID>16006530-FA72-5095-1544-43E3AB4D566B</importedID>
<use>0</use>
<logicalDatatype>LOGDT011</logicalDatatype>
<domain>B52272F4-A62B-99C7-681A-BAAC8AF81BC4</domain>
<ownDataTypeParameters>,,</ownDataTypeParameters>
<autoIncrementCycle>false</autoIncrementCycle>
</Column>
<Column name="DATAINICIOSICOOB" id="9ECB1636-F8ED-3CF0-09F5-E8E2A2E08770">
<sourceDDLFile>AceleraPlenoDB2.sql</sourceDDLFile>
<createdBy>A598111</createdBy>
<createdTime>2024-04-24 22:20:24 UTC</createdTime>
<ownerDesignName>AceleraPlenoDB_Relacional2</ownerDesignName>
<importedID>1422921A-13E1-28F4-87B5-517E42252904</importedID>
<nullsAllowed>true</nullsAllowed>
<use>0</use>
<logicalDatatype>LOGDT008</logicalDatatype>
<domain>E846DC40-59B8-45C6-3456-361CE22B1110</domain>
<ownDataTypeParameters>,,</ownDataTypeParameters>
<autoIncrementCycle>false</autoIncrementCycle>
</Column>
<Column name="DATAFIMSICOOB" id="D586818E-BCD5-B5FC-7202-CBA8CA578B21">
<sourceDDLFile>AceleraPlenoDB2.sql</sourceDDLFile>
<createdBy>A598111</createdBy>
<createdTime>2024-04-24 22:20:24 UTC</createdTime>
<ownerDesignName>AceleraPlenoDB_Relacional2</ownerDesignName>
<importedID>4D30001F-E000-19B4-614D-8217240BBBCF</importedID>
<nullsAllowed>true</nullsAllowed>
<use>0</use>
<logicalDatatype>LOGDT008</logicalDatatype>
<domain>E846DC40-59B8-45C6-3456-361CE22B1110</domain>
<ownDataTypeParameters>,,</ownDataTypeParameters>
<autoIncrementCycle>false</autoIncrementCycle>
</Column>
<Column name="NUMCHECKALTERACAO" id="D4E5936F-124F-C7C4-22A6-6D8008E8CCF2">
<sourceDDLFile>AceleraPlenoDB2.sql</sourceDDLFile>
<createdBy>A598111</createdBy>
<createdTime>2024-04-24 22:20:24 UTC</createdTime>
<ownerDesignName>AceleraPlenoDB_Relacional2</ownerDesignName>
<importedID>710B68DF-E170-BE07-ED4C-FF1A4E8976E7</importedID>
<use>0</use>
<logicalDatatype>LOGDT011</logicalDatatype>
<domain>B52272F4-A62B-99C7-681A-BAAC8AF81BC4</domain>
<ownDataTypeParameters>,,</ownDataTypeParameters>
<autoIncrementCycle>false</autoIncrementCycle>
</Column>
<Column name="IDUNIDADEINSTRESP" id="5F054943-CB28-61DA-27A2-861E3327EC4C">
<sourceDDLFile>AceleraPlenoDB2.sql</sourceDDLFile>
<createdBy>A598111</createdBy>
<createdTime>2024-04-24 22:20:24 UTC</createdTime>
<ownerDesignName>AceleraPlenoDB_Relacional2</ownerDesignName>
<importedID>B21CCF8E-16DB-68F8-CCB1-1D79BB3DEBB5</importedID>
<nullsAllowed>true</nullsAllowed>
<use>0</use>
<logicalDatatype>LOGDT011</logicalDatatype>
<domain>B52272F4-A62B-99C7-681A-BAAC8AF81BC4</domain>
<ownDataTypeParameters>,,</ownDataTypeParameters>
<autoIncrementCycle>false</autoIncrementCycle>
</Column>
<Column name="CODSITUACAOUNID" id="7CAB4EDE-2AAA-1D69-7DD0-20E4C953451D">
<sourceDDLFile>AceleraPlenoDB2.sql</sourceDDLFile>
<createdBy>A598111</createdBy>
<createdTime>2024-04-24 22:20:24 UTC</createdTime>
<ownerDesignName>AceleraPlenoDB_Relacional2</ownerDesignName>
<importedID>E887F792-1C67-1E1C-208B-3B842AE0B4D2</importedID>
<use>0</use>
<logicalDatatype>LOGDT011</logicalDatatype>
<domain>B52272F4-A62B-99C7-681A-BAAC8AF81BC4</domain>
<ownDataTypeParameters>,,</ownDataTypeParameters>
<autoIncrementCycle>false</autoIncrementCycle>
</Column>
<Column name="NUMSIRC" id="903624DA-8FD2-1172-E202-2A3A2B00CD9A">
<sourceDDLFile>AceleraPlenoDB2.sql</sourceDDLFile>
<createdBy>A598111</createdBy>
<createdTime>2024-04-24 22:20:24 UTC</createdTime>
<ownerDesignName>AceleraPlenoDB_Relacional2</ownerDesignName>
<importedID>0B076DB4-8EE2-0C03-C5E2-45B8AC27A060</importedID>
<nullsAllowed>true</nullsAllowed>
<use>0</use>
<logicalDatatype>LOGDT011</logicalDatatype>
<domain>B52272F4-A62B-99C7-681A-BAAC8AF81BC4</domain>
<ownDataTypeParameters>,,</ownDataTypeParameters>
<autoIncrementCycle>false</autoIncrementCycle>
</Column>
<Column name="DESCENDINTERNET" id="4F6E9D19-6F56-4E98-6109-F01C8A8CF5B7">
<sourceDDLFile>AceleraPlenoDB2.sql</sourceDDLFile>
<createdBy>A598111</createdBy>
<createdTime>2024-04-24 22:20:24 UTC</createdTime>
<ownerDesignName>AceleraPlenoDB_Relacional2</ownerDesignName>
<importedID>EDAADA10-05FE-7703-4692-8A7C211BF622</importedID>
<nullsAllowed>true</nullsAllowed>
<use>0</use>
<logicalDatatype>LOGDT037</logicalDatatype>
<domain>3DCFD58B-325B-5855-76FB-B66E2787B50A</domain>
<ownDataTypeParameters>,,</ownDataTypeParameters>
<autoIncrementCycle>false</autoIncrementCycle>
</Column>
<Column name="DATAINICIOUTILIZACAOMARCASICOOB" id="0CEDC6D7-39EE-8A06-E6FD-3EB9822EC4DD">
<sourceDDLFile>AceleraPlenoDB2.sql</sourceDDLFile>
<createdBy>A598111</createdBy>
<createdTime>2024-04-24 22:20:24 UTC</createdTime>
<ownerDesignName>AceleraPlenoDB_Relacional2</ownerDesignName>
<importedID>8EC799D9-2C74-75EF-F0C5-AC8BA0632A3D</importedID>
<nullsAllowed>true</nullsAllowed>
<use>0</use>
<logicalDatatype>LOGDT008</logicalDatatype>
<domain>E846DC40-59B8-45C6-3456-361CE22B1110</domain>
<ownDataTypeParameters>,,</ownDataTypeParameters>
<autoIncrementCycle>false</autoIncrementCycle>
</Column>
<Column name="BOLATENDIMENTOPUBLICOEXTERNO" id="1D579B98-599D-D466-966D-A3A14E825A40">
<sourceDDLFile>AceleraPlenoDB2.sql</sourceDDLFile>
<createdBy>A598111</createdBy>
<createdTime>2024-04-24 22:20:24 UTC</createdTime>
<ownerDesignName>AceleraPlenoDB_Relacional2</ownerDesignName>
<importedID>FE0F8918-82F9-70E6-211D-CE7E533F43A2</importedID>
<nullsAllowed>true</nullsAllowed>
<use>0</use>
<logicalDatatype>LOGDT011</logicalDatatype>
<domain>B52272F4-A62B-99C7-681A-BAAC8AF81BC4</domain>
<ownDataTypeParameters>,,</ownDataTypeParameters>
<autoIncrementCycle>false</autoIncrementCycle>
</Column>
<Column name="NUMINSCRICAOMUNICIPAL" id="FB7FCE44-251E-D274-8D36-9DA3CC38B2BC">
<sourceDDLFile>AceleraPlenoDB2.sql</sourceDDLFile>
<createdBy>A598111</createdBy>
<createdTime>2024-04-24 22:20:24 UTC</createdTime>
<ownerDesignName>AceleraPlenoDB_Relacional2</ownerDesignName>
<importedID>AACCD4F7-4071-1656-C63B-167959E7D323</importedID>
<nullsAllowed>true</nullsAllowed>
<use>0</use>
<logicalDatatype>LOGDT037</logicalDatatype>
<domain>368CFB56-50A9-17B3-E93E-31CC7AD53B60</domain>
<ownDataTypeParameters>,,</ownDataTypeParameters>
<autoIncrementCycle>false</autoIncrementCycle>
</Column>
<Column name="NUMNIRE" id="33F8529F-FA84-50BC-7B06-69C138D6422D">
<sourceDDLFile>AceleraPlenoDB2.sql</sourceDDLFile>
<createdBy>A598111</createdBy>
<createdTime>2024-04-24 22:20:24 UTC</createdTime>
<ownerDesignName>AceleraPlenoDB_Relacional2</ownerDesignName>
<importedID>0E3D3C46-7E2D-DE85-1AC7-5C6DBCA39AF6</importedID>
<nullsAllowed>true</nullsAllowed>
<use>0</use>
<logicalDatatype>LOGDT037</logicalDatatype>
<domain>368CFB56-50A9-17B3-E93E-31CC7AD53B60</domain>
<ownDataTypeParameters>,,</ownDataTypeParameters>
<autoIncrementCycle>false</autoIncrementCycle>
</Column>
<Column name="IDINSTITUICAOINCORPORADORA" id="82719236-3966-CC54-BFFE-DAE8A133D458">
<sourceDDLFile>AceleraPlenoDB2.sql</sourceDDLFile>
<createdBy>A598111</createdBy>
<createdTime>2024-04-24 22:20:24 UTC</createdTime>
<ownerDesignName>AceleraPlenoDB_Relacional2</ownerDesignName>
<importedID>5700DF87-D1C4-3AA8-BF92-A25B596B629B</importedID>
<nullsAllowed>true</nullsAllowed>
<use>0</use>
<logicalDatatype>LOGDT011</logicalDatatype>
<domain>B52272F4-A62B-99C7-681A-BAAC8AF81BC4</domain>
<ownDataTypeParameters>,,</ownDataTypeParameters>
<autoIncrementCycle>false</autoIncrementCycle>
</Column>
<Column name="DATAINCORPORACAO" id="92EC27E2-ED60-36D8-3314-7328F8EC5B79">
<sourceDDLFile>AceleraPlenoDB2.sql</sourceDDLFile>
<createdBy>A598111</createdBy>
<createdTime>2024-04-24 22:20:24 UTC</createdTime>
<ownerDesignName>AceleraPlenoDB_Relacional2</ownerDesignName>
<importedID>47162821-A7AD-D65B-9BAD-8E5AC2B7086D</importedID>
<nullsAllowed>true</nullsAllowed>
<use>0</use>
<logicalDatatype>LOGDT008</logicalDatatype>
<domain>E846DC40-59B8-45C6-3456-361CE22B1110</domain>
<ownDataTypeParameters>,,</ownDataTypeParameters>
<autoIncrementCycle>false</autoIncrementCycle>
</Column>
<Column name="BOLUTILIZACOMPARTILHAMENTO" id="0051F49D-19C8-ADC0-70CE-C22D174930BD">
<sourceDDLFile>AceleraPlenoDB2.sql</sourceDDLFile>
<createdBy>A598111</createdBy>
<createdTime>2024-04-24 22:20:24 UTC</createdTime>
<ownerDesignName>AceleraPlenoDB_Relacional2</ownerDesignName>
<importedID>8E5518A7-AFB5-AD6E-1C44-EF5685BE4806</importedID>
<nullsAllowed>true</nullsAllowed>
<use>0</use>
<logicalDatatype>LOGDT011</logicalDatatype>
<domain>B52272F4-A62B-99C7-681A-BAAC8AF81BC4</domain>
<ownDataTypeParameters>,,</ownDataTypeParameters>
<autoIncrementCycle>false</autoIncrementCycle>
</Column>
<Column name="DATAINICIOFUNCIONAMENTO" id="38D8DC75-1D7A-979D-A946-23D3041A9C59">
<sourceDDLFile>AceleraPlenoDB2.sql</sourceDDLFile>
<createdBy>A598111</createdBy>
<createdTime>2024-04-24 22:20:24 UTC</createdTime>
<ownerDesignName>AceleraPlenoDB_Relacional2</ownerDesignName>
<importedID>CA05F3ED-922C-DAF4-B1EF-EFAFD4EAE5AF</importedID>
<nullsAllowed>true</nullsAllowed>
<use>0</use>
<logicalDatatype>LOGDT008</logicalDatatype>
<domain>E846DC40-59B8-45C6-3456-361CE22B1110</domain>
<ownDataTypeParameters>,,</ownDataTypeParameters>
<autoIncrementCycle>false</autoIncrementCycle>
</Column>
<Column name="DATAFIMFUNCIONAMENTO" id="DF7388A5-BB8E-D65A-776C-5B9B49779083">
<sourceDDLFile>AceleraPlenoDB2.sql</sourceDDLFile>
<createdBy>A598111</createdBy>
<createdTime>2024-04-24 22:20:24 UTC</createdTime>
<ownerDesignName>AceleraPlenoDB_Relacional2</ownerDesignName>
<importedID>761C24AF-DFF1-5E21-6D53-930D4B9D5786</importedID>
<nullsAllowed>true</nullsAllowed>
<use>0</use>
<logicalDatatype>LOGDT008</logicalDatatype>
<domain>E846DC40-59B8-45C6-3456-361CE22B1110</domain>
<ownDataTypeParameters>,,</ownDataTypeParameters>
<autoIncrementCycle>false</autoIncrementCycle>
</Column>
<Column name="BOLUTILIZASISBR" id="CECA6140-21E0-2779-6981-F2904B196754">
<sourceDDLFile>AceleraPlenoDB2.sql</sourceDDLFile>
<createdBy>A598111</createdBy>
<createdTime>2024-04-24 22:20:24 UTC</createdTime>
<ownerDesignName>AceleraPlenoDB_Relacional2</ownerDesignName>
<importedID>2C75514A-9185-8256-D7AB-EA1C83B45541</importedID>
<use>0</use>
<logicalDatatype>LOGDT011</logicalDatatype>
<domain>B52272F4-A62B-99C7-681A-BAAC8AF81BC4</domain>
<ownDataTypeParameters>,,</ownDataTypeParameters>
<autoIncrementCycle>false</autoIncrementCycle>
</Column>
<Column name="DATAINICIOUTILIZASISBR" id="BC7E2535-AFD4-53CA-C7B3-E953A07E0A35">
<sourceDDLFile>AceleraPlenoDB2.sql</sourceDDLFile>
<createdBy>A598111</createdBy>
<createdTime>2024-04-24 22:20:24 UTC</createdTime>
<ownerDesignName>AceleraPlenoDB_Relacional2</ownerDesignName>
<importedID>433C19FE-B715-785C-7027-B5D26DB9B6AF</importedID>
<nullsAllowed>true</nullsAllowed>
<use>0</use>
<logicalDatatype>LOGDT008</logicalDatatype>
<domain>E846DC40-59B8-45C6-3456-361CE22B1110</domain>
<ownDataTypeParameters>,,</ownDataTypeParameters>
<autoIncrementCycle>false</autoIncrementCycle>
</Column>
<Column name="DATAFIMUTILIZASISBR" id="17D32C7C-1A30-8BE2-EAF9-E2398FDA2515">
<sourceDDLFile>AceleraPlenoDB2.sql</sourceDDLFile>
<createdBy>A598111</createdBy>
<createdTime>2024-04-24 22:20:24 UTC</createdTime>
<ownerDesignName>AceleraPlenoDB_Relacional2</ownerDesignName>
<importedID>CF528276-DB73-2E7F-D9B8-518B1DB7F4DC</importedID>
<nullsAllowed>true</nullsAllowed>
<use>0</use>
<logicalDatatype>LOGDT008</logicalDatatype>
<domain>E846DC40-59B8-45C6-3456-361CE22B1110</domain>
<ownDataTypeParameters>,,</ownDataTypeParameters>
<autoIncrementCycle>false</autoIncrementCycle>
</Column>
<Column name="BOLISENTOINSCRICAOMUNICIPAL" id="342C8A59-10C1-08BD-F648-55E3A63CFF6B">
<sourceDDLFile>AceleraPlenoDB2.sql</sourceDDLFile>
<createdBy>A598111</createdBy>
<createdTime>2024-04-24 22:20:24 UTC</createdTime>
<ownerDesignName>AceleraPlenoDB_Relacional2</ownerDesignName>
<importedID>71BD2E78-54E0-DE1E-9AC9-905B19BAAED1</importedID>
<nullsAllowed>true</nullsAllowed>
<use>0</use>
<logicalDatatype>LOGDT011</logicalDatatype>
<domain>B52272F4-A62B-99C7-681A-BAAC8AF81BC4</domain>
<ownDataTypeParameters>,,</ownDataTypeParameters>
<autoIncrementCycle>false</autoIncrementCycle>
</Column>
<Column name="BOLISENTONIRE" id="B2E1B6B3-D097-7556-3094-CE5BDDCBD046">
<sourceDDLFile>AceleraPlenoDB2.sql</sourceDDLFile>
<createdBy>A598111</createdBy>
<createdTime>2024-04-24 22:20:24 UTC</createdTime>
<ownerDesignName>AceleraPlenoDB_Relacional2</ownerDesignName>
<importedID>992386E0-99BE-7C97-74C1-901C20E12B4E</importedID>
<nullsAllowed>true</nullsAllowed>
<use>0</use>
<logicalDatatype>LOGDT011</logicalDatatype>
<domain>B52272F4-A62B-99C7-681A-BAAC8AF81BC4</domain>
<ownDataTypeParameters>,,</ownDataTypeParameters>
<autoIncrementCycle>false</autoIncrementCycle>
</Column>
<Column name="BOLSINALIZADOSICOOB" id="62D7AC45-FA1B-1003-AA45-4A3BE3A7B452">
<sourceDDLFile>AceleraPlenoDB2.sql</sourceDDLFile>
<createdBy>A598111</createdBy>
<createdTime>2024-04-24 22:20:24 UTC</createdTime>
<ownerDesignName>AceleraPlenoDB_Relacional2</ownerDesignName>
<importedID>7D34D2CF-ACB5-E817-E792-8280F41E4678</importedID>
<nullsAllowed>true</nullsAllowed>
<use>0</use>
<logicalDatatype>LOGDT011</logicalDatatype>
<domain>B52272F4-A62B-99C7-681A-BAAC8AF81BC4</domain>
<ownDataTypeParameters>,,</ownDataTypeParameters>
<autoIncrementCycle>false</autoIncrementCycle>
</Column>
<Column name="BOLPAINCORPORADO" id="1A0EE186-6AD2-480D-95AB-200906919FE8">
<sourceDDLFile>AceleraPlenoDB2.sql</sourceDDLFile>
<createdBy>A598111</createdBy>
<createdTime>2024-04-24 22:20:24 UTC</createdTime>
<ownerDesignName>AceleraPlenoDB_Relacional2</ownerDesignName>
<importedID>D715EDCF-03EA-D329-E783-53F46792C412</importedID>
<nullsAllowed>true</nullsAllowed>
<use>0</use>
<logicalDatatype>LOGDT011</logicalDatatype>
<domain>B52272F4-A62B-99C7-681A-BAAC8AF81BC4</domain>
<ownDataTypeParameters>,,</ownDataTypeParameters>
<autoIncrementCycle>false</autoIncrementCycle>
</Column>
<Column name="DATAHORACARGA" id="9884501C-8E05-4A03-3F25-307BE033EF46">
<createdBy>A598111</createdBy>
<createdTime>2024-05-07 20:50:26 UTC</createdTime>
<ownerDesignName>AceleraPlenoDB_Relacional2</ownerDesignName>
<nullsAllowed>true</nullsAllowed>
<use>0</use>
<logicalDatatype>91229484-D19C-D458-8647-333C7FFE7B60</logicalDatatype>
<domain>5F57380A-860D-9355-4281-2D0B31DEC9D8</domain>
<ownDataTypeParameters>,,</ownDataTypeParameters>
<autoIncrementCycle>false</autoIncrementCycle>
</Column>
<Column name="CODCRIADOPOR" id="EEB3F027-4E0F-9061-5C62-105FAF0BFC5B">
<sourceDDLFile>AceleraPlenoDB2.sql</sourceDDLFile>
<createdBy>A598111</createdBy>
<createdTime>2024-04-25 00:15:30 UTC</createdTime>
<ownerDesignName>AceleraPlenoDB_Relacional2</ownerDesignName>
<use>0</use>
<logicalDatatype>LOGDT011</logicalDatatype>
<domain>B52272F4-A62B-99C7-681A-BAAC8AF81BC4</domain>
<ownDataTypeParameters>,,</ownDataTypeParameters>
<autoIncrementCycle>false</autoIncrementCycle>
</Column>
<Column name="DATAHORACRIACAO" id="57A9EE18-AD17-DE90-6A10-638EBC5C0501">
<sourceDDLFile>AceleraPlenoDB2.sql</sourceDDLFile>
<createdBy>A598111</createdBy>
<createdTime>2024-04-25 00:15:30 UTC</createdTime>
<ownerDesignName>AceleraPlenoDB_Relacional2</ownerDesignName>
<use>0</use>
<logicalDatatype>91229484-D19C-D458-8647-333C7FFE7B60</logicalDatatype>
<domain>5F57380A-860D-9355-4281-2D0B31DEC9D8</domain>
<ownDataTypeParameters>,,</ownDataTypeParameters>
<autoIncrementCycle>false</autoIncrementCycle>
</Column>
<Column name="CODALTERADOPOR" id="CC6947FA-2404-1585-B0C9-068FDED8C037">
<sourceDDLFile>AceleraPlenoDB2.sql</sourceDDLFile>
<createdBy>A598111</createdBy>
<createdTime>2024-04-25 00:15:30 UTC</createdTime>
<ownerDesignName>AceleraPlenoDB_Relacional2</ownerDesignName>
<nullsAllowed>true</nullsAllowed>
<use>0</use>
<logicalDatatype>LOGDT011</logicalDatatype>
<domain>B52272F4-A62B-99C7-681A-BAAC8AF81BC4</domain>
<ownDataTypeParameters>,,</ownDataTypeParameters>
<autoIncrementCycle>false</autoIncrementCycle>
</Column>
<Column name="DATAHORAALTERACAO" id="6B1F9959-4C80-AB38-5C1E-BE3E7B4593B1">
<sourceDDLFile>AceleraPlenoDB2.sql</sourceDDLFile>
<createdBy>A598111</createdBy>
<createdTime>2024-04-25 00:15:30 UTC</createdTime>
<ownerDesignName>AceleraPlenoDB_Relacional2</ownerDesignName>
<nullsAllowed>true</nullsAllowed>
<use>0</use>
<logicalDatatype>91229484-D19C-D458-8647-333C7FFE7B60</logicalDatatype>
<domain>5F57380A-860D-9355-4281-2D0B31DEC9D8</domain>
<ownDataTypeParameters>,,</ownDataTypeParameters>
<autoIncrementCycle>false</autoIncrementCycle>
</Column>
<Column name="CODINATIVOPOR" id="D8E6E808-F2F4-2C02-4E9B-7E0870F519EE">
<sourceDDLFile>AceleraPlenoDB2.sql</sourceDDLFile>
<createdBy>A598111</createdBy>
<createdTime>2024-04-25 00:15:30 UTC</createdTime>
<ownerDesignName>AceleraPlenoDB_Relacional2</ownerDesignName>
<nullsAllowed>true</nullsAllowed>
<use>0</use>
<logicalDatatype>LOGDT011</logicalDatatype>
<domain>B52272F4-A62B-99C7-681A-BAAC8AF81BC4</domain>
<ownDataTypeParameters>,,</ownDataTypeParameters>
<autoIncrementCycle>false</autoIncrementCycle>
</Column>
<Column name="DATAHORAINATIVO" id="031F2DA3-6C76-2DE9-F4D1-F3F5FC52FF51">
<sourceDDLFile>AceleraPlenoDB2.sql</sourceDDLFile>
<createdBy>A598111</createdBy>
<createdTime>2024-04-25 00:15:30 UTC</createdTime>
<ownerDesignName>AceleraPlenoDB_Relacional2</ownerDesignName>
<nullsAllowed>true</nullsAllowed>
<use>0</use>
<logicalDatatype>91229484-D19C-D458-8647-333C7FFE7B60</logicalDatatype>
<domain>5F57380A-860D-9355-4281-2D0B31DEC9D8</domain>
<ownDataTypeParameters>,,</ownDataTypeParameters>
<autoIncrementCycle>false</autoIncrementCycle>
</Column>
</columns>
<indexes itemClass="oracle.dbtools.crest.model.design.relational.Index">
<ind_PK_UK id="3DE8D00A-C96F-6B11-A14A-B7AF3EED83A8" name="06t_UNIDADEINSTITUICAO_PK">
<sourceDDLFile>AceleraPlenoDB2.sql</sourceDDLFile>
<createdBy>A598111</createdBy>
<createdTime>2024-04-24 22:20:24 UTC</createdTime>
<ownerDesignName>AceleraPlenoDB_Relacional2</ownerDesignName>
<importedID>47E5F354-2205-8354-882D-A582F7EB7BAF</importedID>
<pk>true</pk>
<indexState>Primary Constraint</indexState>
<isSurrogateKey>false</isSurrogateKey>
<indexColumnUsage>
<colUsage columnID="429A832C-F9A3-3B1E-8C22-9900C5E7DE11"/>
</indexColumnUsage>
</ind_PK_UK>
</indexes>
</Table>