<?xml version = '1.0' encoding = 'UTF-8'?>
<FKIndexAssociation class="oracle.dbtools.crest.model.design.relational.FKIndexAssociation" directorySegmentName="seg_0" id="14D8B8AD-D212-62B9-DA92-67C2DB5780C4" containerWithKeyObject="4D6B9B66-2402-EFA5-19C9-18A01F3E602A" localFKIndex="045DDC92-38A2-B076-88AB-C4CD57694506" name="07t_TERMINAL_05t_TIPOTERMINAL_FK">
<createdBy>A598111</createdBy>
<createdTime>2024-04-27 17:48:42 UTC</createdTime>
<ownerDesignName>AceleraPlenoDB_Relacional2</ownerDesignName>
<referredTableLongName>dbo.06t_TIPOTERMINAL</referredTableLongName>
<deleteRule>NO ACTION</deleteRule>
<referredTableID>FCC0E712-B59B-1CC0-2EB8-A19ADCD7ED53</referredTableID>
<keyObject>2B0DE8F2-68FB-FC51-02C4-5A908B162C2F</keyObject>
<referredKeyID>2B0DE8F2-68FB-FC51-02C4-5A908B162C2F</referredKeyID>
<mandatory>true</mandatory>
<refColNames>IDTIPOTERMINAL</refColNames>
<transferable>true</transferable>
<rely>false</rely>
<columnDependencyConstraintGenerateInDDL>true</columnDependencyConstraintGenerateInDDL>
</FKIndexAssociation>