<?xml version = '1.0' encoding = 'UTF-8'?>
<FKIndexAssociation class="oracle.dbtools.crest.model.design.relational.FKIndexAssociation" directorySegmentName="seg_0" id="17066479-A180-9D7E-7810-E4A82188B7EE" containerWithKeyObject="4D6B9B66-2402-EFA5-19C9-18A01F3E602A" localFKIndex="468A27A6-982D-2CFD-0AE6-162679C283F8" name="07t_TERMINAL_09t_USUARIO_FKv1">
<createdBy>A598111</createdBy>
<createdTime>2024-04-27 17:26:34 UTC</createdTime>
<ownerDesignName>AceleraPlenoDB_Relacional2</ownerDesignName>
<referredTableLongName>dbo.09t_USUARIO</referredTableLongName>
<deleteRule>NO ACTION</deleteRule>
<referredTableID>3815CF80-D5F1-A765-C8E2-1DE2C2FA0ECF</referredTableID>
<keyObject>2BDC9FF5-42F6-F76C-E1E5-CEDFDB1B146F</keyObject>
<referredKeyID>2BDC9FF5-42F6-F76C-E1E5-CEDFDB1B146F</referredKeyID>
<mandatory>true</mandatory>
<refColNames>IDUSUARIO</refColNames>
<transferable>true</transferable>
<rely>false</rely>
<columnDependencyConstraintGenerateInDDL>true</columnDependencyConstraintGenerateInDDL>
</FKIndexAssociation>