<?xml version = '1.0' encoding = 'UTF-8'?>
<FKIndexAssociation class="oracle.dbtools.crest.model.design.relational.FKIndexAssociation" directorySegmentName="seg_0" id="31AA6BA2-23EB-55E8-0CB1-59DD34B7257D" containerWithKeyObject="9741C66B-3EA2-3B2D-5447-900C3ADD29AE" localFKIndex="CC9CD57C-7200-564B-9956-71EFCBC214A1" name="00t_USUARIOSISTEMAGRUPOACESSO_02t_USUARIOSISTEMA_FK">
<createdBy>A598111</createdBy>
<createdTime>2024-05-09 15:48:06 UTC</createdTime>
<ownerDesignName>AceleraPlenoDB_Relacional2</ownerDesignName>
<referredTableLongName>dbo.02t_USUARIOSISTEMA</referredTableLongName>
<deleteRule>NO ACTION</deleteRule>
<referredTableID>629D71E5-D143-DA48-3039-B729F56D9BAF</referredTableID>
<keyObject>73735B48-C5FC-BBBB-A97D-89AE77A95B00</keyObject>
<referredKeyID>73735B48-C5FC-BBBB-A97D-89AE77A95B00</referredKeyID>
<mandatory>true</mandatory>
<refColNames>IDUSUARIOSISTEMA</refColNames>
<transferable>true</transferable>
<rely>false</rely>
<columnDependencyConstraintGenerateInDDL>true</columnDependencyConstraintGenerateInDDL>
</FKIndexAssociation>