<?xml version = '1.0' encoding = 'UTF-8'?>
<FKIndexAssociation class="oracle.dbtools.crest.model.design.relational.FKIndexAssociation" directorySegmentName="seg_0" id="3FE1EA57-6F6B-C80F-E773-936F1C0BD4C2" containerWithKeyObject="FCC0E712-B59B-1CC0-2EB8-A19ADCD7ED53" localFKIndex="956B75B1-9DC4-D1C7-653A-B5FCF5F1396C" name="04t_TIPOTERMINAL_06t_UNIDADEINSTITUICAO_FK">
<createdBy>A598111</createdBy>
<createdTime>2024-04-27 17:12:11 UTC</createdTime>
<ownerDesignName>AceleraPlenoDB_Relacional2</ownerDesignName>
<referredTableLongName>dbo.03t_UNIDADEINSTITUICAO</referredTableLongName>
<deleteRule>NO ACTION</deleteRule>
<referredTableID>F4634EA6-5141-6254-7ACF-E73F45C94812</referredTableID>
<keyObject>3DE8D00A-C96F-6B11-A14A-B7AF3EED83A8</keyObject>
<referredKeyID>3DE8D00A-C96F-6B11-A14A-B7AF3EED83A8</referredKeyID>
<mandatory>true</mandatory>
<refColNames>IDUNIDADEINST</refColNames>
<transferable>true</transferable>
<rely>false</rely>
<columnDependencyConstraintGenerateInDDL>true</columnDependencyConstraintGenerateInDDL>
</FKIndexAssociation>