<?xml version = '1.0' encoding = 'UTF-8'?>
<FKIndexAssociation class="oracle.dbtools.crest.model.design.relational.FKIndexAssociation" directorySegmentName="seg_0" id="5D660D10-80E2-DA3B-0911-337338783F4D" containerWithKeyObject="4D6B9B66-2402-EFA5-19C9-18A01F3E602A" localFKIndex="7593F9AC-DD56-DE0F-ED83-FDE6449F64DB" name="07t_TERMINAL_09t_USUARIO_FK">
<createdBy>A598111</createdBy>
<createdTime>2024-04-27 17:25:57 UTC</createdTime>
<ownerDesignName>AceleraPlenoDB_Relacional2</ownerDesignName>
<referredTableLongName>dbo.09t_USUARIO</referredTableLongName>
<deleteRule>NO ACTION</deleteRule>
<referredTableID>3815CF80-D5F1-A765-C8E2-1DE2C2FA0ECF</referredTableID>
<keyObject>2BDC9FF5-42F6-F76C-E1E5-CEDFDB1B146F</keyObject>
<referredKeyID>2BDC9FF5-42F6-F76C-E1E5-CEDFDB1B146F</referredKeyID>
<mandatory>true</mandatory>
<refColNames>IDUSUARIO</refColNames>
<transferable>true</transferable>
<rely>false</rely>
<columnDependencyConstraintGenerateInDDL>true</columnDependencyConstraintGenerateInDDL>
</FKIndexAssociation>