<?xml version = '1.0' encoding = 'UTF-8'?>
<FKIndexAssociation class="oracle.dbtools.crest.model.design.relational.FKIndexAssociation" directorySegmentName="seg_0" id="6C787528-D9C1-B7DC-8AF3-B3D93F90BB07" containerWithKeyObject="05EE79AB-3EF5-E399-E80D-6416F45D2D78" localFKIndex="93ED13B7-645D-641E-D139-FA1CAB9852CD" name="06t_OPERACAO_08t_TIPOOPERACAO_FK">
<createdBy>A598111</createdBy>
<createdTime>2024-04-27 17:56:09 UTC</createdTime>
<ownerDesignName>AceleraPlenoDB_Relacional2</ownerDesignName>
<referredTableLongName>dbo.07t_TIPOOPERACAO</referredTableLongName>
<deleteRule>NO ACTION</deleteRule>
<referredTableID>13FE419F-DE09-23ED-D347-80C03DB7C930</referredTableID>
<keyObject>191A976C-C102-D1E6-C11B-412B83227AE1</keyObject>
<referredKeyID>191A976C-C102-D1E6-C11B-412B83227AE1</referredKeyID>
<mandatory>true</mandatory>
<refColNames>IDTIPOOPERACAO</refColNames>
<transferable>true</transferable>
<rely>false</rely>
<columnDependencyConstraintGenerateInDDL>true</columnDependencyConstraintGenerateInDDL>
</FKIndexAssociation>