<?xml version = '1.0' encoding = 'UTF-8'?>
<FKIndexAssociation class="oracle.dbtools.crest.model.design.relational.FKIndexAssociation" directorySegmentName="seg_0" id="719B856D-9E64-9E56-F406-759FC30F7EA8" containerWithKeyObject="05EE79AB-3EF5-E399-E80D-6416F45D2D78" localFKIndex="0A283109-0483-3374-5473-FC433AC795A6" name="05t_OPERACAO_06t_UNIDADEINSTITUICAO_FK">
<createdBy>A598111</createdBy>
<createdTime>2024-04-27 17:30:01 UTC</createdTime>
<ownerDesignName>AceleraPlenoDB_Relacional2</ownerDesignName>
<referredTableLongName>dbo.03t_UNIDADEINSTITUICAO</referredTableLongName>
<deleteRule>NO ACTION</deleteRule>
<referredTableID>F4634EA6-5141-6254-7ACF-E73F45C94812</referredTableID>
<keyObject>3DE8D00A-C96F-6B11-A14A-B7AF3EED83A8</keyObject>
<referredKeyID>3DE8D00A-C96F-6B11-A14A-B7AF3EED83A8</referredKeyID>
<mandatory>true</mandatory>
<refColNames>IDUNIDADEINST</refColNames>
<transferable>true</transferable>
<rely>false</rely>
<columnDependencyConstraintGenerateInDDL>true</columnDependencyConstraintGenerateInDDL>
</FKIndexAssociation>