<?xml version = '1.0' encoding = 'UTF-8'?>
<FKIndexAssociation class="oracle.dbtools.crest.model.design.relational.FKIndexAssociation" directorySegmentName="seg_0" id="769BE4E3-BC97-7554-0029-98FDD6FAF5A0" containerWithKeyObject="D667CB87-74FD-0E49-AD9F-51F718AB46BD" localFKIndex="89A4B89F-B957-3F63-E570-183A3E2AC231" name="00t_UNIDADEINSTITUICAOTRANSPORTADORAVALORES_04t_UNIDADEINSTITUICAO_FK">
<createdBy>A598111</createdBy>
<createdTime>2024-05-08 14:51:48 UTC</createdTime>
<ownerDesignName>AceleraPlenoDB_Relacional2</ownerDesignName>
<referredTableLongName>dbo.03t_UNIDADEINSTITUICAO</referredTableLongName>
<deleteRule>NO ACTION</deleteRule>
<referredTableID>F4634EA6-5141-6254-7ACF-E73F45C94812</referredTableID>
<keyObject>3DE8D00A-C96F-6B11-A14A-B7AF3EED83A8</keyObject>
<referredKeyID>3DE8D00A-C96F-6B11-A14A-B7AF3EED83A8</referredKeyID>
<mandatory>true</mandatory>
<refColNames>IDUNIDADEINST</refColNames>
<transferable>true</transferable>
<rely>false</rely>
<columnDependencyConstraintGenerateInDDL>true</columnDependencyConstraintGenerateInDDL>
</FKIndexAssociation>