<?xml version = '1.0' encoding = 'UTF-8'?>
<FKIndexAssociation class="oracle.dbtools.crest.model.design.relational.FKIndexAssociation" directorySegmentName="seg_0" id="9BA6D28C-6385-1FA4-4F01-950FB7075EFD" containerWithKeyObject="525AD31C-27C1-B4A4-DF1E-3A1B90D8065D" localFKIndex="23597767-887E-357E-2A5E-672D3FACF987" name="00t_PARAMETRIZACAO_02t_USUARIOSISTEMA_FK">
<createdBy>A598111</createdBy>
<createdTime>2024-05-08 14:58:32 UTC</createdTime>
<ownerDesignName>AceleraPlenoDB_Relacional2</ownerDesignName>
<referredTableLongName>dbo.02t_USUARIOSISTEMA</referredTableLongName>
<deleteRule>NO ACTION</deleteRule>
<referredTableID>629D71E5-D143-DA48-3039-B729F56D9BAF</referredTableID>
<keyObject>73735B48-C5FC-BBBB-A97D-89AE77A95B00</keyObject>
<referredKeyID>73735B48-C5FC-BBBB-A97D-89AE77A95B00</referredKeyID>
<mandatory>true</mandatory>
<refColNames>IDUSUARIOSISTEMA</refColNames>
<transferable>true</transferable>
<rely>false</rely>
<columnDependencyConstraintGenerateInDDL>true</columnDependencyConstraintGenerateInDDL>
</FKIndexAssociation>