<?xml version = '1.0' encoding = 'UTF-8'?>
<FKIndexAssociation class="oracle.dbtools.crest.model.design.relational.FKIndexAssociation" directorySegmentName="seg_0" id="9C2AE276-E839-2137-D6F2-DF2957CB3B9D" containerWithKeyObject="3815CF80-D5F1-A765-C8E2-1DE2C2FA0ECF" localFKIndex="C11F7AEF-C77B-1756-85AE-9EBE63831960" name="08t_USUARIO_04t_UNIDADEINSTITUICAO_FK">
<createdBy>A598111</createdBy>
<createdTime>2024-04-27 18:15:14 UTC</createdTime>
<ownerDesignName>AceleraPlenoDB_Relacional2</ownerDesignName>
<referredTableLongName>dbo.03t_UNIDADEINSTITUICAO</referredTableLongName>
<deleteRule>NO ACTION</deleteRule>
<referredTableID>F4634EA6-5141-6254-7ACF-E73F45C94812</referredTableID>
<keyObject>3DE8D00A-C96F-6B11-A14A-B7AF3EED83A8</keyObject>
<referredKeyID>3DE8D00A-C96F-6B11-A14A-B7AF3EED83A8</referredKeyID>
<mandatory>true</mandatory>
<refColNames>IDUNIDADEINST</refColNames>
<transferable>true</transferable>
<rely>false</rely>
<columnDependencyConstraintGenerateInDDL>true</columnDependencyConstraintGenerateInDDL>
</FKIndexAssociation>