<?xml version = '1.0' encoding = 'UTF-8'?>
<FKIndexAssociation class="oracle.dbtools.crest.model.design.relational.FKIndexAssociation" directorySegmentName="seg_0" id="9C963B49-E6EC-FCE8-415B-222625D92E60" containerWithKeyObject="05EE79AB-3EF5-E399-E80D-6416F45D2D78" localFKIndex="FCD77E2F-E851-835C-E9B2-E5C1023469E8" name="05t_OPERACAO_04t_TIPOTERMINAL_FK">
<createdBy>A598111</createdBy>
<createdTime>2024-04-27 17:13:56 UTC</createdTime>
<ownerDesignName>AceleraPlenoDB_Relacional2</ownerDesignName>
<referredTableLongName>dbo.06t_TIPOTERMINAL</referredTableLongName>
<deleteRule>NO ACTION</deleteRule>
<referredTableID>FCC0E712-B59B-1CC0-2EB8-A19ADCD7ED53</referredTableID>
<keyObject>2B0DE8F2-68FB-FC51-02C4-5A908B162C2F</keyObject>
<referredKeyID>2B0DE8F2-68FB-FC51-02C4-5A908B162C2F</referredKeyID>
<mandatory>true</mandatory>
<refColNames>IDTIPOTERMINAL</refColNames>
<transferable>true</transferable>
<rely>false</rely>
<columnDependencyConstraintGenerateInDDL>true</columnDependencyConstraintGenerateInDDL>
</FKIndexAssociation>