<?xml version = '1.0' encoding = 'UTF-8'?>
<FKIndexAssociation class="oracle.dbtools.crest.model.design.relational.FKIndexAssociation" directorySegmentName="seg_0" id="BDD34F3C-DD71-A868-EA0E-177D831DE4D1" containerWithKeyObject="9741C66B-3EA2-3B2D-5447-900C3ADD29AE" localFKIndex="261F0B88-C2E3-4B1C-9B57-49B9BD733AEA" name="00t_USUARIOSISTEMAGRUPOACESSO_00t_GRUPOACESSO_FK">
<createdBy>A598111</createdBy>
<createdTime>2024-05-09 15:48:12 UTC</createdTime>
<ownerDesignName>AceleraPlenoDB_Relacional2</ownerDesignName>
<referredTableLongName>dbo.00t_GRUPOACESSO</referredTableLongName>
<deleteRule>NO ACTION</deleteRule>
<referredTableID>E67C9008-9E59-E8A5-B3F8-7F73B7E8CEC3</referredTableID>
<keyObject>0C2EF58D-BF9E-A893-9757-DEC80F9832FD</keyObject>
<referredKeyID>0C2EF58D-BF9E-A893-9757-DEC80F9832FD</referredKeyID>
<mandatory>true</mandatory>
<refColNames>IDGRUPOACESSO</refColNames>
<transferable>true</transferable>
<rely>false</rely>
<columnDependencyConstraintGenerateInDDL>true</columnDependencyConstraintGenerateInDDL>
</FKIndexAssociation>