<?xml version = '1.0' encoding = 'UTF-8'?>
<FKIndexAssociation class="oracle.dbtools.crest.model.design.relational.FKIndexAssociation" directorySegmentName="seg_0" id="CCAC5A44-CD47-ADDA-A996-AF1009E28516" containerWithKeyObject="629D71E5-D143-DA48-3039-B729F56D9BAF" localFKIndex="6BE81184-80BB-FBE2-9C27-A6622F70289F" name="02t_USUARIOSISTEMA_08t_USUARIO_FK">
<createdBy>A598111</createdBy>
<createdTime>2024-05-06 18:51:21 UTC</createdTime>
<ownerDesignName>AceleraPlenoDB_Relacional2</ownerDesignName>
<referredTableLongName>dbo.09t_USUARIO</referredTableLongName>
<deleteRule>NO ACTION</deleteRule>
<referredTableID>3815CF80-D5F1-A765-C8E2-1DE2C2FA0ECF</referredTableID>
<keyObject>2BDC9FF5-42F6-F76C-E1E5-CEDFDB1B146F</keyObject>
<referredKeyID>2BDC9FF5-42F6-F76C-E1E5-CEDFDB1B146F</referredKeyID>
<mandatory>true</mandatory>
<refColNames>IDUSUARIO</refColNames>
<transferable>true</transferable>
<rely>false</rely>
<columnDependencyConstraintGenerateInDDL>true</columnDependencyConstraintGenerateInDDL>
</FKIndexAssociation>