<?xml version = '1.0' encoding = 'UTF-8'?>
<FKIndexAssociation class="oracle.dbtools.crest.model.design.relational.FKIndexAssociation" directorySegmentName="seg_0" id="D9A6C4F6-EDEF-7C15-01DE-470C0D8DE7A7" containerWithKeyObject="AE29B017-808A-DA00-3A60-0E15CC1B61B6" localFKIndex="212551DB-C841-197D-E172-2EDAA6C7EE2A" name="01t_CARGA_02t_USUARIOSISTEMA_FK">
<createdBy>A598111</createdBy>
<createdTime>2024-04-25 23:47:27 UTC</createdTime>
<ownerDesignName>AceleraPlenoDB_Relacional2</ownerDesignName>
<referredTableLongName>dbo.02t_USUARIOSISTEMA</referredTableLongName>
<deleteRule>NO ACTION</deleteRule>
<referredTableID>629D71E5-D143-DA48-3039-B729F56D9BAF</referredTableID>
<keyObject>73735B48-C5FC-BBBB-A97D-89AE77A95B00</keyObject>
<referredKeyID>73735B48-C5FC-BBBB-A97D-89AE77A95B00</referredKeyID>
<mandatory>true</mandatory>
<refColNames>IDUSUARIOSISTEMA</refColNames>
<transferable>true</transferable>
<rely>false</rely>
<columnDependencyConstraintGenerateInDDL>true</columnDependencyConstraintGenerateInDDL>
</FKIndexAssociation>