<?xml version = '1.0' encoding = 'UTF-8'?>
<FKIndexAssociation class="oracle.dbtools.crest.model.design.relational.FKIndexAssociation" directorySegmentName="seg_0" id="DA718001-3165-BBAD-7A5D-06ECE9B2EAC2" containerWithKeyObject="4D6B9B66-2402-EFA5-19C9-18A01F3E602A" localFKIndex="86F378F3-6766-D269-E16A-3418E688D2C6" name="07t_TERMINAL_04t_UNIDADEINSTITUICAO_FK">
<createdBy>A598111</createdBy>
<createdTime>2024-04-27 17:47:10 UTC</createdTime>
<ownerDesignName>AceleraPlenoDB_Relacional2</ownerDesignName>
<referredTableLongName>dbo.03t_UNIDADEINSTITUICAO</referredTableLongName>
<deleteRule>NO ACTION</deleteRule>
<referredTableID>F4634EA6-5141-6254-7ACF-E73F45C94812</referredTableID>
<keyObject>3DE8D00A-C96F-6B11-A14A-B7AF3EED83A8</keyObject>
<referredKeyID>3DE8D00A-C96F-6B11-A14A-B7AF3EED83A8</referredKeyID>
<mandatory>true</mandatory>
<refColNames>IDUNIDADEINST</refColNames>
<transferable>true</transferable>
<rely>false</rely>
<columnDependencyConstraintGenerateInDDL>true</columnDependencyConstraintGenerateInDDL>
</FKIndexAssociation>