<?xml version = '1.0' encoding = 'UTF-8'?>
<FKIndexAssociation class="oracle.dbtools.crest.model.design.relational.FKIndexAssociation" directorySegmentName="seg_0" id="FA3CF3AD-7D1E-D428-180A-61AB53C06D05" containerWithKeyObject="D667CB87-74FD-0E49-AD9F-51F718AB46BD" localFKIndex="E873F489-6C61-FE84-F26B-F6C8493B8AFF" name="00t_UNIDADEINSTITUICAOTRANSPORTADORAVALORES_03t_TRANSPORTADORAVALORES_FK">
<createdBy>A598111</createdBy>
<createdTime>2024-05-08 14:51:21 UTC</createdTime>
<ownerDesignName>AceleraPlenoDB_Relacional2</ownerDesignName>
<referredTableLongName>dbo.04t_TRANSPORTADORAVALORES</referredTableLongName>
<deleteRule>NO ACTION</deleteRule>
<referredTableID>A3045887-41E1-E321-1F02-456F289E0DB7</referredTableID>
<keyObject>43A08001-FA73-B4DB-FE3C-81ED6C475ED1</keyObject>
<referredKeyID>43A08001-FA73-B4DB-FE3C-81ED6C475ED1</referredKeyID>
<mandatory>true</mandatory>
<refColNames>IDTRANSPORTADORAVALORES</refColNames>
<transferable>true</transferable>
<rely>false</rely>
<columnDependencyConstraintGenerateInDDL>true</columnDependencyConstraintGenerateInDDL>
</FKIndexAssociation>