<?xml version = '1.0' encoding = 'UTF-8'?>
<UserSqlServerv2k12 class="oracle.dbtools.crest.model.design.storage.sqlserver.v2k12.UserSqlServerv2k12" directorySegmentName="seg_0" id="9E946C69-64F6-FDC8-B17F-5C66581D00C9_dbo" name="dbo">
<createdBy>A598111</createdBy>
<createdTime>2024-04-24 22:20:24 UTC</createdTime>
<ownerDesignName>AceleraPlenoDB_Relacional2</ownerDesignName>
<nullInstance>true</nullInstance>
<storableNullInstance>true</storableNullInstance>
<database>9E946C69-64F6-FDC8-B17F-5C66581D00C9</database>
</UserSqlServerv2k12>