<?xml version = '1.0' encoding = 'UTF-8'?>
<DataBaseSqlServerv2k12 class="oracle.dbtools.crest.model.design.storage.sqlserver.v2k12.DataBaseSqlServerv2k12" name="AceleraPlenoDB2" directorySegmentName="seg_0" id="4C153EF0-A927-C56E-F132-E7225D7920ED">
<sourceDDLFile>AceleraPlenoDB2.sql</sourceDDLFile>
<createdBy>A598111</createdBy>
<createdTime>2024-04-24 22:20:09 UTC</createdTime>
<ownerDesignName>AceleraPlenoDB_Relacional2</ownerDesignName>
<fileGroups>
<FileGroup class="oracle.dbtools.crest.model.design.storage.sqlserver.v2k5.FileGroupSqlServerv2k5" name="PRIMARY" id="C2605A76-3277-ACC3-F7EA-022E0E14A7C1">
<createdBy>A598111</createdBy>
<createdTime>2024-04-24 22:20:24 UTC</createdTime>
<ownerDesignName>AceleraPlenoDB_Relacional2</ownerDesignName>
<dataFiles>
<DataFile class="oracle.dbtools.crest.model.design.storage.sqlserver.v2k5.DataFileSqlServerv2k5" name="DB2_Data.MDF" id="418AB716-FAF6-9007-EABE-BE0D0827803D">
<createdBy>A598111</createdBy>
<createdTime>2024-04-24 22:20:24 UTC</createdTime>
<ownerDesignName>AceleraPlenoDB_Relacional2</ownerDesignName>
<fileName>c:\program files\microsoft sql server\mssql\data\DB2_Data.MDF</fileName>
</DataFile>
</dataFiles>
</FileGroup>
</fileGroups>
</DataBaseSqlServerv2k12>