<?xml version = '1.0' encoding = 'UTF-8'?>
<DataBaseSqlServerv2k12 class="oracle.dbtools.crest.model.design.storage.sqlserver.v2k12.DataBaseSqlServerv2k12" name="master" directorySegmentName="seg_0" id="9E946C69-64F6-FDC8-B17F-5C66581D00C9">
<sourceDDLFile>AceleraPlenoDB2.sql</sourceDDLFile>
<createdBy>A598111</createdBy>
<createdTime>2024-04-24 22:20:09 UTC</createdTime>
<ownerDesignName>AceleraPlenoDB_Relacional2</ownerDesignName>
<fileGroups>
<FileGroup class="oracle.dbtools.crest.model.design.storage.sqlserver.v2k5.FileGroupSqlServerv2k5" name="PRIMARY" id="A58EE849-52B5-A693-D27F-B48127A9AA6A">
<createdBy>A598111</createdBy>
<createdTime>2024-04-24 22:20:24 UTC</createdTime>
<ownerDesignName>AceleraPlenoDB_Relacional2</ownerDesignName>
<dataFiles>
<DataFile class="oracle.dbtools.crest.model.design.storage.sqlserver.v2k5.DataFileSqlServerv2k5" name="DB1_Data.MDF" id="F3B6EE7C-649F-AC2A-8536-B9F3BD32CEED">
<createdBy>A598111</createdBy>
<createdTime>2024-04-24 22:20:24 UTC</createdTime>
<ownerDesignName>AceleraPlenoDB_Relacional2</ownerDesignName>
<fileName>c:\program files\microsoft sql server\mssql\data\DB1_Data.MDF</fileName>
</DataFile>
</dataFiles>
</FileGroup>
</fileGroups>
</DataBaseSqlServerv2k12>