<?xml version = '1.0' encoding = 'UTF-8'?>
<SchemaSqlServerv2k5 class="oracle.dbtools.crest.model.design.storage.sqlserver.v2k5.SchemaSqlServerv2k5" name="dbo" directorySegmentName="seg_0" id="03C7D75D-4F07-F78D-9697-9DE901F922A9">
<sourceDDLFile>AceleraPlenoDB2.sql</sourceDDLFile>
<createdBy>A598111</createdBy>
<createdTime>2024-04-24 22:20:09 UTC</createdTime>
<ownerDesignName>AceleraPlenoDB_Relacional2</ownerDesignName>
<database>4C153EF0-A927-C56E-F132-E7225D7920ED</database>
</SchemaSqlServerv2k5>