<?xml version = '1.0' encoding = 'UTF-8'?>
<RoleSqlServerv2k12 class="oracle.dbtools.crest.model.design.storage.sqlserver.v2k12.RoleSqlServerv2k12" directorySegmentName="seg_0" id="DB_NULLELEMENT_PUBLIC" name="PUBLIC">
<createdBy>A598111</createdBy>
<createdTime>2024-04-24 22:20:14 UTC</createdTime>
<ownerDesignName>AceleraPlenoDB_Relacional2</ownerDesignName>
<nullInstance>true</nullInstance>
<storableNullInstance>true</storableNullInstance>
<database>DB_NULLELEMENT</database>
</RoleSqlServerv2k12>