<?xml version = '1.0' encoding = 'UTF-8'?>
<TableProxySqlServerv2k5 class="oracle.dbtools.crest.model.design.storage.sqlserver.v2k5.TableProxySqlServerv2k5" name="09t_USUARIO" directorySegmentName="seg_0" id="3815CF80-D5F1-A765-C8E2-1DE2C2FA0ECF">
<createdBy>A598111</createdBy>
<createdTime>2024-04-24 22:20:24 UTC</createdTime>
<ownerDesignName>AceleraPlenoDB_Relacional2</ownerDesignName>
<schemaObject>8DC3194D-4F2B-4738-044F-8F34B7C70B48</schemaObject>
<database>4C153EF0-A927-C56E-F132-E7225D7920ED</database>
<filegroup>A58EE849-52B5-A693-D27F-B48127A9AA6A</filegroup>
<schema>03C7D75D-4F07-F78D-9697-9DE901F922A9</schema>
<columnProxies>
<ColumnProxy class="oracle.dbtools.crest.model.design.storage.sqlserver.v2k12.ColumnProxySqlServerv2k12" name="DESCNOMEUSUARIO" id="08E655FC-DFA5-60AE-73F2-CBB8A328128E">
<createdBy>A598111</createdBy>
<createdTime>2024-04-24 22:20:24 UTC</createdTime>
<ownerDesignName>AceleraPlenoDB_Relacional2</ownerDesignName>
</ColumnProxy>
<ColumnProxy class="oracle.dbtools.crest.model.design.storage.sqlserver.v2k12.ColumnProxySqlServerv2k12" name="IDINSTITUICAOUSUARIO" id="1186BFF5-16D1-CB68-21C4-C404B021CF09">
<createdBy>A598111</createdBy>
<createdTime>2024-04-24 22:20:24 UTC</createdTime>
<ownerDesignName>AceleraPlenoDB_Relacional2</ownerDesignName>
</ColumnProxy>
<ColumnProxy class="oracle.dbtools.crest.model.design.storage.sqlserver.v2k12.ColumnProxySqlServerv2k12" name="BOLHABILITADOUSUARIO" id="26A1A421-DDA6-8EA1-9F6D-587AAE498E71">
<createdBy>A598111</createdBy>
<createdTime>2024-04-24 22:20:24 UTC</createdTime>
<ownerDesignName>AceleraPlenoDB_Relacional2</ownerDesignName>
</ColumnProxy>
<ColumnProxy class="oracle.dbtools.crest.model.design.storage.sqlserver.v2k12.ColumnProxySqlServerv2k12" name="IDUNIDADEINST" id="2835CCD4-EA3F-9EDE-9796-471F557B5A11">
<createdBy>A598111</createdBy>
<createdTime>2024-05-09 15:35:45 UTC</createdTime>
<ownerDesignName>AceleraPlenoDB_Relacional2</ownerDesignName>
</ColumnProxy>
<ColumnProxy class="oracle.dbtools.crest.model.design.storage.sqlserver.v2k12.ColumnProxySqlServerv2k12" name="IDINSTITUICAO" id="42F6610E-D2EC-EDA8-F1FD-41F9B1CEA95C">
<createdBy>A598111</createdBy>
<createdTime>2024-04-24 22:20:24 UTC</createdTime>
<ownerDesignName>AceleraPlenoDB_Relacional2</ownerDesignName>
</ColumnProxy>
<ColumnProxy class="oracle.dbtools.crest.model.design.storage.sqlserver.v2k12.ColumnProxySqlServerv2k12" name="IDUSUARIO" id="5B4678A7-59C1-A6AB-D625-943AABC1A73E">
<createdBy>A598111</createdBy>
<createdTime>2024-04-24 22:20:24 UTC</createdTime>
<ownerDesignName>AceleraPlenoDB_Relacional2</ownerDesignName>
<identityForReplication>YES</identityForReplication>
</ColumnProxy>
<ColumnProxy class="oracle.dbtools.crest.model.design.storage.sqlserver.v2k12.ColumnProxySqlServerv2k12" name="DESCSTATUSUSUARIO" id="612B14D5-8D01-0D4B-28DD-E489CE05961C">
<createdBy>A598111</createdBy>
<createdTime>2024-04-24 22:20:24 UTC</createdTime>
<ownerDesignName>AceleraPlenoDB_Relacional2</ownerDesignName>
</ColumnProxy>
<ColumnProxy class="oracle.dbtools.crest.model.design.storage.sqlserver.v2k12.ColumnProxySqlServerv2k12" name="DATAHORAINATIVO" id="6465AEBD-4253-F425-25C8-0D3D151D98F3">
<createdBy>A598111</createdBy>
<createdTime>2024-04-27 16:58:26 UTC</createdTime>
<ownerDesignName>AceleraPlenoDB_Relacional2</ownerDesignName>
</ColumnProxy>
<ColumnProxy class="oracle.dbtools.crest.model.design.storage.sqlserver.v2k12.ColumnProxySqlServerv2k12" name="CODALTERADOPOR" id="66E657BD-EBAE-46CC-7D1D-0D2F393F6BFA">
<createdBy>A598111</createdBy>
<createdTime>2024-04-27 16:58:26 UTC</createdTime>
<ownerDesignName>AceleraPlenoDB_Relacional2</ownerDesignName>
</ColumnProxy>
<ColumnProxy class="oracle.dbtools.crest.model.design.storage.sqlserver.v2k12.ColumnProxySqlServerv2k12" name="NUMCHECKALTERACAO" id="71C886C2-0253-85F4-7E6F-7C96F29AF0E7">
<createdBy>A598111</createdBy>
<createdTime>2024-04-24 22:20:24 UTC</createdTime>
<ownerDesignName>AceleraPlenoDB_Relacional2</ownerDesignName>
</ColumnProxy>
<ColumnProxy class="oracle.dbtools.crest.model.design.storage.sqlserver.v2k12.ColumnProxySqlServerv2k12" name="CODINATIVOPOR" id="7C763147-9822-3F45-7FFA-46A2DADA0479">
<createdBy>A598111</createdBy>
<createdTime>2024-04-27 16:58:26 UTC</createdTime>
<ownerDesignName>AceleraPlenoDB_Relacional2</ownerDesignName>
</ColumnProxy>
<ColumnProxy class="oracle.dbtools.crest.model.design.storage.sqlserver.v2k12.ColumnProxySqlServerv2k12" name="DATAHORAALTERACAO" id="83DBCD49-DBFB-80A4-0995-480E5206FC64">
<createdBy>A598111</createdBy>
<createdTime>2024-04-27 16:58:26 UTC</createdTime>
<ownerDesignName>AceleraPlenoDB_Relacional2</ownerDesignName>
</ColumnProxy>
<ColumnProxy class="oracle.dbtools.crest.model.design.storage.sqlserver.v2k12.ColumnProxySqlServerv2k12" name="DATAHORACRIACAO" id="97986B22-5C5C-B6E8-5576-50FE832F28E9">
<createdBy>A598111</createdBy>
<createdTime>2024-04-27 16:58:26 UTC</createdTime>
<ownerDesignName>AceleraPlenoDB_Relacional2</ownerDesignName>
</ColumnProxy>
<ColumnProxy class="oracle.dbtools.crest.model.design.storage.sqlserver.v2k12.ColumnProxySqlServerv2k12" name="DESCEMAIL" id="9F298374-7EF1-F1D2-276F-79A2FADFE441">
<createdBy>A598111</createdBy>
<createdTime>2024-04-24 22:20:24 UTC</createdTime>
<ownerDesignName>AceleraPlenoDB_Relacional2</ownerDesignName>
</ColumnProxy>
<ColumnProxy class="oracle.dbtools.crest.model.design.storage.sqlserver.v2k12.ColumnProxySqlServerv2k12" name="CODCRIADOPOR" id="C17D6105-C446-172F-98B2-BF6826695175">
<createdBy>A598111</createdBy>
<createdTime>2024-04-27 16:58:26 UTC</createdTime>
<ownerDesignName>AceleraPlenoDB_Relacional2</ownerDesignName>
</ColumnProxy>
<ColumnProxy class="oracle.dbtools.crest.model.design.storage.sqlserver.v2k12.ColumnProxySqlServerv2k12" name="BOLVERIFICANOMEMAQUINA" id="D9CD7406-5FA6-7CE7-6ADB-8028FCFA1A7E">
<createdBy>A598111</createdBy>
<createdTime>2024-04-24 22:20:24 UTC</createdTime>
<ownerDesignName>AceleraPlenoDB_Relacional2</ownerDesignName>
</ColumnProxy>
</columnProxies>
<foreignKeys>
<ForeignKey class="oracle.dbtools.crest.model.design.storage.sqlserver.v2k5.FKProxySqlServerv2k5" name="08t_USUARIO_04t_UNIDADEINSTITUICAO_FK" id="C11F7AEF-C77B-1756-85AE-9EBE63831960">
<createdBy>A598111</createdBy>
<createdTime>2024-05-09 15:35:45 UTC</createdTime>
<ownerDesignName>AceleraPlenoDB_Relacional2</ownerDesignName>
</ForeignKey>
</foreignKeys>
<primaryKeys>
<PrimaryKey class="oracle.dbtools.crest.model.design.storage.sqlserver.v2k5.PKProxySqlServerv2k5" name="09t_USUARIO_PK" id="2BDC9FF5-42F6-F76C-E1E5-CEDFDB1B146F">
<createdBy>A598111</createdBy>
<createdTime>2024-04-24 22:20:24 UTC</createdTime>
<ownerDesignName>AceleraPlenoDB_Relacional2</ownerDesignName>
<clustered>true</clustered>
<fileGroup>A58EE849-52B5-A693-D27F-B48127A9AA6A</fileGroup>
</PrimaryKey>
</primaryKeys>
</TableProxySqlServerv2k5>