<?xml version = '1.0' encoding = 'UTF-8'?>
<TableProxySqlServerv2k5 class="oracle.dbtools.crest.model.design.storage.sqlserver.v2k5.TableProxySqlServerv2k5" name="02t_USUARIOSISTEMA" directorySegmentName="seg_0" id="629D71E5-D143-DA48-3039-B729F56D9BAF">
<createdBy>A598111</createdBy>
<createdTime>2024-04-24 22:41:30 UTC</createdTime>
<ownerDesignName>AceleraPlenoDB_Relacional2</ownerDesignName>
<schemaObject>8DC3194D-4F2B-4738-044F-8F34B7C70B48</schemaObject>
<database>DB_NULLELEMENT</database>
<columnProxies>
<ColumnProxy class="oracle.dbtools.crest.model.design.storage.sqlserver.v2k12.ColumnProxySqlServerv2k12" name="DATAHORAINATIVO" id="13B6BC5A-AF8D-E27B-933D-3F9B9E83C828">
<createdBy>A598111</createdBy>
<createdTime>2024-04-24 23:22:25 UTC</createdTime>
<ownerDesignName>AceleraPlenoDB_Relacional2</ownerDesignName>
</ColumnProxy>
<ColumnProxy class="oracle.dbtools.crest.model.design.storage.sqlserver.v2k12.ColumnProxySqlServerv2k12" name="LOGIN" id="15D01E92-E7C8-C9FF-1ED8-49A8705A624B">
<createdBy>A598111</createdBy>
<createdTime>2024-04-24 22:43:38 UTC</createdTime>
<ownerDesignName>AceleraPlenoDB_Relacional2</ownerDesignName>
</ColumnProxy>
<ColumnProxy class="oracle.dbtools.crest.model.design.storage.sqlserver.v2k12.ColumnProxySqlServerv2k12" name="IDUSUARIOSISTEMA" id="25541543-6828-B858-54C2-2FF23FDE3E83">
<createdBy>A598111</createdBy>
<createdTime>2024-04-24 22:43:38 UTC</createdTime>
<ownerDesignName>AceleraPlenoDB_Relacional2</ownerDesignName>
<asIdentity>true</asIdentity>
</ColumnProxy>
<ColumnProxy class="oracle.dbtools.crest.model.design.storage.sqlserver.v2k12.ColumnProxySqlServerv2k12" name="PASSWORD" id="4A5B61D9-4FBE-A176-5F5E-B3663C8BC7CE">
<createdBy>A598111</createdBy>
<createdTime>2024-04-24 22:43:38 UTC</createdTime>
<ownerDesignName>AceleraPlenoDB_Relacional2</ownerDesignName>
</ColumnProxy>
<ColumnProxy class="oracle.dbtools.crest.model.design.storage.sqlserver.v2k12.ColumnProxySqlServerv2k12" name="SECRETKEY" id="5B04506E-4207-4066-ADEE-9FAB9EFEDD5A">
<createdBy>A598111</createdBy>
<createdTime>2024-05-09 15:35:45 UTC</createdTime>
<ownerDesignName>AceleraPlenoDB_Relacional2</ownerDesignName>
</ColumnProxy>
<ColumnProxy class="oracle.dbtools.crest.model.design.storage.sqlserver.v2k12.ColumnProxySqlServerv2k12" name="CODINATIVOPOR" id="7AC412A4-31BC-01C8-2D82-D628C62066A8">
<createdBy>A598111</createdBy>
<createdTime>2024-04-24 23:22:25 UTC</createdTime>
<ownerDesignName>AceleraPlenoDB_Relacional2</ownerDesignName>
</ColumnProxy>
<ColumnProxy class="oracle.dbtools.crest.model.design.storage.sqlserver.v2k12.ColumnProxySqlServerv2k12" name="CODCRIADOPOR" id="80915E5B-3C06-C4EB-8043-B8B09EB2C11E">
<createdBy>A598111</createdBy>
<createdTime>2024-04-24 23:22:25 UTC</createdTime>
<ownerDesignName>AceleraPlenoDB_Relacional2</ownerDesignName>
</ColumnProxy>
<ColumnProxy class="oracle.dbtools.crest.model.design.storage.sqlserver.v2k12.ColumnProxySqlServerv2k12" name="IDUSUARIO" id="A143F58E-C69E-824D-74C3-58477CCE7BE0">
<createdBy>A598111</createdBy>
<createdTime>2024-05-09 15:35:45 UTC</createdTime>
<ownerDesignName>AceleraPlenoDB_Relacional2</ownerDesignName>
</ColumnProxy>
<ColumnProxy class="oracle.dbtools.crest.model.design.storage.sqlserver.v2k12.ColumnProxySqlServerv2k12" name="BOLPRIMEIROLOGIN" id="B2A6C1CD-14CC-DD2B-34E5-4A9F6418103B">
<createdBy>A598111</createdBy>
<createdTime>2024-04-24 23:09:20 UTC</createdTime>
<ownerDesignName>AceleraPlenoDB_Relacional2</ownerDesignName>
</ColumnProxy>
<ColumnProxy class="oracle.dbtools.crest.model.design.storage.sqlserver.v2k12.ColumnProxySqlServerv2k12" name="CODALTERADOPOR" id="D09FCCBF-EE6F-FAC3-2A34-6BD2FD9F1F76">
<createdBy>A598111</createdBy>
<createdTime>2024-04-24 23:22:25 UTC</createdTime>
<ownerDesignName>AceleraPlenoDB_Relacional2</ownerDesignName>
</ColumnProxy>
<ColumnProxy class="oracle.dbtools.crest.model.design.storage.sqlserver.v2k12.ColumnProxySqlServerv2k12" name="DATAHORAALTERACAO" id="E23C2D1D-6684-C1AA-30FA-5BF609B98AD7">
<createdBy>A598111</createdBy>
<createdTime>2024-04-24 23:22:25 UTC</createdTime>
<ownerDesignName>AceleraPlenoDB_Relacional2</ownerDesignName>
</ColumnProxy>
<ColumnProxy class="oracle.dbtools.crest.model.design.storage.sqlserver.v2k12.ColumnProxySqlServerv2k12" name="ULTIMOLOGIN" id="EE875535-E12D-46F6-B68D-9E10F7DB6FA2">
<createdBy>A598111</createdBy>
<createdTime>2024-04-24 22:47:52 UTC</createdTime>
<ownerDesignName>AceleraPlenoDB_Relacional2</ownerDesignName>
</ColumnProxy>
<ColumnProxy class="oracle.dbtools.crest.model.design.storage.sqlserver.v2k12.ColumnProxySqlServerv2k12" name="DATAHORACRIACAO" id="F3611858-6D51-F5D0-6C60-5F263A036C63">
<createdBy>A598111</createdBy>
<createdTime>2024-04-24 23:22:25 UTC</createdTime>
<ownerDesignName>AceleraPlenoDB_Relacional2</ownerDesignName>
</ColumnProxy>
</columnProxies>
<foreignKeys>
<ForeignKey class="oracle.dbtools.crest.model.design.storage.sqlserver.v2k5.FKProxySqlServerv2k5" name="02t_USUARIOSISTEMA_08t_USUARIO_FK" id="6BE81184-80BB-FBE2-9C27-A6622F70289F">
<createdBy>A598111</createdBy>
<createdTime>2024-05-09 15:35:45 UTC</createdTime>
<ownerDesignName>AceleraPlenoDB_Relacional2</ownerDesignName>
</ForeignKey>
</foreignKeys>
<primaryKeys>
<PrimaryKey class="oracle.dbtools.crest.model.design.storage.sqlserver.v2k5.PKProxySqlServerv2k5" name="02t_USUARIOSISTEMA_PK" id="73735B48-C5FC-BBBB-A97D-89AE77A95B00">
<createdBy>A598111</createdBy>
<createdTime>2024-04-24 22:43:38 UTC</createdTime>
<ownerDesignName>AceleraPlenoDB_Relacional2</ownerDesignName>
<clustered>true</clustered>
</PrimaryKey>
</primaryKeys>
</TableProxySqlServerv2k5>