<?xml version = '1.0' encoding = 'UTF-8'?>
<TableProxySqlServerv2k5 class="oracle.dbtools.crest.model.design.storage.sqlserver.v2k5.TableProxySqlServerv2k5" name="04t_TRANSPORTADORAVALORES" directorySegmentName="seg_0" id="A3045887-41E1-E321-1F02-456F289E0DB7">
<createdBy>A598111</createdBy>
<createdTime>2024-04-24 22:20:24 UTC</createdTime>
<ownerDesignName>AceleraPlenoDB_Relacional2</ownerDesignName>
<schemaObject>8DC3194D-4F2B-4738-044F-8F34B7C70B48</schemaObject>
<database>4C153EF0-A927-C56E-F132-E7225D7920ED</database>
<filegroup>A58EE849-52B5-A693-D27F-B48127A9AA6A</filegroup>
<schema>03C7D75D-4F07-F78D-9697-9DE901F922A9</schema>
<columnProxies>
<ColumnProxy class="oracle.dbtools.crest.model.design.storage.sqlserver.v2k12.ColumnProxySqlServerv2k12" name="DATAHORAALTERACAO" id="0C54E319-29EF-1F07-C261-41BC16AB9647">
<createdBy>A598111</createdBy>
<createdTime>2024-04-25 00:15:43 UTC</createdTime>
<ownerDesignName>AceleraPlenoDB_Relacional2</ownerDesignName>
</ColumnProxy>
<ColumnProxy class="oracle.dbtools.crest.model.design.storage.sqlserver.v2k12.ColumnProxySqlServerv2k12" name="IDTRANSPORTADORAVALORES" id="5562A013-938D-F781-FBCE-4816B1AA5127">
<createdBy>A598111</createdBy>
<createdTime>2024-05-09 15:35:45 UTC</createdTime>
<ownerDesignName>AceleraPlenoDB_Relacional2</ownerDesignName>
<asIdentity>true</asIdentity>
</ColumnProxy>
<ColumnProxy class="oracle.dbtools.crest.model.design.storage.sqlserver.v2k12.ColumnProxySqlServerv2k12" name="DATAHORACRIACAO" id="9DFD0642-D1EE-A539-1851-654E695163B5">
<createdBy>A598111</createdBy>
<createdTime>2024-04-25 00:15:43 UTC</createdTime>
<ownerDesignName>AceleraPlenoDB_Relacional2</ownerDesignName>
</ColumnProxy>
<ColumnProxy class="oracle.dbtools.crest.model.design.storage.sqlserver.v2k12.ColumnProxySqlServerv2k12" name="NUMCNPJ" id="A152A338-792D-4F35-4A03-CF504EDF3A9F">
<createdBy>A598111</createdBy>
<createdTime>2024-04-24 22:20:24 UTC</createdTime>
<ownerDesignName>AceleraPlenoDB_Relacional2</ownerDesignName>
</ColumnProxy>
<ColumnProxy class="oracle.dbtools.crest.model.design.storage.sqlserver.v2k12.ColumnProxySqlServerv2k12" name="CODCRIADOPOR" id="C015D3CC-603F-CED6-6F75-384F50CF9E11">
<createdBy>A598111</createdBy>
<createdTime>2024-04-25 00:15:43 UTC</createdTime>
<ownerDesignName>AceleraPlenoDB_Relacional2</ownerDesignName>
</ColumnProxy>
<ColumnProxy class="oracle.dbtools.crest.model.design.storage.sqlserver.v2k12.ColumnProxySqlServerv2k12" name="CODALTERADOPOR" id="DF0362AA-0121-DB90-F815-D58B52CA04D6">
<createdBy>A598111</createdBy>
<createdTime>2024-04-25 00:15:43 UTC</createdTime>
<ownerDesignName>AceleraPlenoDB_Relacional2</ownerDesignName>
</ColumnProxy>
<ColumnProxy class="oracle.dbtools.crest.model.design.storage.sqlserver.v2k12.ColumnProxySqlServerv2k12" name="DESCTRANSPORTADORA" id="EAFD17BE-488B-AB2E-D665-9D975770A010">
<createdBy>A598111</createdBy>
<createdTime>2024-04-24 22:20:24 UTC</createdTime>
<ownerDesignName>AceleraPlenoDB_Relacional2</ownerDesignName>
</ColumnProxy>
<ColumnProxy class="oracle.dbtools.crest.model.design.storage.sqlserver.v2k12.ColumnProxySqlServerv2k12" name="DATAHORAINATIVO" id="EBDF9746-CEBA-4C30-F5DC-47C27126A989">
<createdBy>A598111</createdBy>
<createdTime>2024-04-25 00:15:43 UTC</createdTime>
<ownerDesignName>AceleraPlenoDB_Relacional2</ownerDesignName>
</ColumnProxy>
<ColumnProxy class="oracle.dbtools.crest.model.design.storage.sqlserver.v2k12.ColumnProxySqlServerv2k12" name="CODINATIVOPOR" id="F9B3E89F-5A19-51D5-481B-F302F376B701">
<createdBy>A598111</createdBy>
<createdTime>2024-04-25 00:15:43 UTC</createdTime>
<ownerDesignName>AceleraPlenoDB_Relacional2</ownerDesignName>
</ColumnProxy>
</columnProxies>
<primaryKeys>
<PrimaryKey class="oracle.dbtools.crest.model.design.storage.sqlserver.v2k5.PKProxySqlServerv2k5" name="03t_TRANSPORTADORAVALORES_PK" id="43A08001-FA73-B4DB-FE3C-81ED6C475ED1">
<createdBy>A598111</createdBy>
<createdTime>2024-04-24 22:20:24 UTC</createdTime>
<ownerDesignName>AceleraPlenoDB_Relacional2</ownerDesignName>
<clustered>true</clustered>
<fileGroup>A58EE849-52B5-A693-D27F-B48127A9AA6A</fileGroup>
</PrimaryKey>
</primaryKeys>
</TableProxySqlServerv2k5>