<?xml version = '1.0' encoding = 'UTF-8'?>
<TableProxySqlServerv2k5 class="oracle.dbtools.crest.model.design.storage.sqlserver.v2k5.TableProxySqlServerv2k5" name="01t_CARGA" directorySegmentName="seg_0" id="AE29B017-808A-DA00-3A60-0E15CC1B61B6">
<createdBy>A598111</createdBy>
<createdTime>2024-04-24 22:20:24 UTC</createdTime>
<ownerDesignName>AceleraPlenoDB_Relacional2</ownerDesignName>
<schemaObject>8DC3194D-4F2B-4738-044F-8F34B7C70B48</schemaObject>
<database>4C153EF0-A927-C56E-F132-E7225D7920ED</database>
<filegroup>A58EE849-52B5-A693-D27F-B48127A9AA6A</filegroup>
<schema>03C7D75D-4F07-F78D-9697-9DE901F922A9</schema>
<columnProxies>
<ColumnProxy class="oracle.dbtools.crest.model.design.storage.sqlserver.v2k12.ColumnProxySqlServerv2k12" name="DIRETORIO" id="389F0602-BD29-084E-E359-B2A1ED057F2D">
<createdBy>A598111</createdBy>
<createdTime>2024-04-27 16:58:26 UTC</createdTime>
<ownerDesignName>AceleraPlenoDB_Relacional2</ownerDesignName>
</ColumnProxy>
<ColumnProxy class="oracle.dbtools.crest.model.design.storage.sqlserver.v2k12.ColumnProxySqlServerv2k12" name="IDCARGA" id="6A6DB6FC-737E-0EAA-A62C-13C73FCFF98A">
<createdBy>A598111</createdBy>
<createdTime>2024-05-09 15:35:45 UTC</createdTime>
<ownerDesignName>AceleraPlenoDB_Relacional2</ownerDesignName>
<asIdentity>true</asIdentity>
</ColumnProxy>
<ColumnProxy class="oracle.dbtools.crest.model.design.storage.sqlserver.v2k12.ColumnProxySqlServerv2k12" name="MENSAGEMERRO" id="9006CCE9-B55A-CFA5-BB77-043530A20044">
<createdBy>A598111</createdBy>
<createdTime>2024-05-09 15:35:45 UTC</createdTime>
<ownerDesignName>AceleraPlenoDB_Relacional2</ownerDesignName>
</ColumnProxy>
<ColumnProxy class="oracle.dbtools.crest.model.design.storage.sqlserver.v2k12.ColumnProxySqlServerv2k12" name="ESTADOCARGA" id="9BC22FBA-2207-074E-E23B-55F3E2B2DD10">
<createdBy>A598111</createdBy>
<createdTime>2024-04-27 16:58:26 UTC</createdTime>
<ownerDesignName>AceleraPlenoDB_Relacional2</ownerDesignName>
</ColumnProxy>
<ColumnProxy class="oracle.dbtools.crest.model.design.storage.sqlserver.v2k12.ColumnProxySqlServerv2k12" name="DATAHORACARGA" id="A80C3DFE-30C0-0CAF-3046-92E8C7BF6FA2">
<createdBy>A598111</createdBy>
<createdTime>2024-04-24 22:20:24 UTC</createdTime>
<ownerDesignName>AceleraPlenoDB_Relacional2</ownerDesignName>
</ColumnProxy>
<ColumnProxy class="oracle.dbtools.crest.model.design.storage.sqlserver.v2k12.ColumnProxySqlServerv2k12" name="DESCARQUIVO" id="AAA44924-3461-FDF2-D8C2-460EF6901179">
<createdBy>A598111</createdBy>
<createdTime>2024-04-24 22:20:24 UTC</createdTime>
<ownerDesignName>AceleraPlenoDB_Relacional2</ownerDesignName>
</ColumnProxy>
<ColumnProxy class="oracle.dbtools.crest.model.design.storage.sqlserver.v2k12.ColumnProxySqlServerv2k12" name="TIPOARQUIVO" id="EC769B9D-0A42-EE76-8FBF-4923E6E8AC7E">
<createdBy>A598111</createdBy>
<createdTime>2024-04-24 22:20:24 UTC</createdTime>
<ownerDesignName>AceleraPlenoDB_Relacional2</ownerDesignName>
</ColumnProxy>
<ColumnProxy class="oracle.dbtools.crest.model.design.storage.sqlserver.v2k12.ColumnProxySqlServerv2k12" name="IDUSUARIOSISTEMA" id="F7EAFB14-9EC3-D6DE-0D03-F80EF4675BA9">
<createdBy>A598111</createdBy>
<createdTime>2024-04-27 16:58:26 UTC</createdTime>
<ownerDesignName>AceleraPlenoDB_Relacional2</ownerDesignName>
</ColumnProxy>
</columnProxies>
<foreignKeys>
<ForeignKey class="oracle.dbtools.crest.model.design.storage.sqlserver.v2k5.FKProxySqlServerv2k5" name="01t_CARGA_02t_USUARIOSISTEMA_FK" id="212551DB-C841-197D-E172-2EDAA6C7EE2A">
<createdBy>A598111</createdBy>
<createdTime>2024-04-27 16:58:26 UTC</createdTime>
<ownerDesignName>AceleraPlenoDB_Relacional1</ownerDesignName>
</ForeignKey>
</foreignKeys>
<primaryKeys>
<PrimaryKey class="oracle.dbtools.crest.model.design.storage.sqlserver.v2k5.PKProxySqlServerv2k5" name="01t_CARGA_PK" id="F9C51D96-E08B-89BA-A9E9-4E98219C5548">
<createdBy>A598111</createdBy>
<createdTime>2024-04-24 22:20:24 UTC</createdTime>
<ownerDesignName>AceleraPlenoDB_Relacional2</ownerDesignName>
<clustered>true</clustered>
<fileGroup>A58EE849-52B5-A693-D27F-B48127A9AA6A</fileGroup>
</PrimaryKey>
</primaryKeys>
</TableProxySqlServerv2k5>