<?xml version = '1.0' encoding = 'UTF-8'?>
<TableProxySqlServerv2k5 class="oracle.dbtools.crest.model.design.storage.sqlserver.v2k5.TableProxySqlServerv2k5" name="05t_UNIDADEINSTITUICAOTRANSPORTADORAVALORES" directorySegmentName="seg_0" id="D667CB87-74FD-0E49-AD9F-51F718AB46BD">
<createdBy>A598111</createdBy>
<createdTime>2024-05-09 15:35:45 UTC</createdTime>
<ownerDesignName>AceleraPlenoDB_Relacional2</ownerDesignName>
<schemaObject>8DC3194D-4F2B-4738-044F-8F34B7C70B48</schemaObject>
<database>DB_NULLELEMENT</database>
<columnProxies>
<ColumnProxy class="oracle.dbtools.crest.model.design.storage.sqlserver.v2k12.ColumnProxySqlServerv2k12" name="IDTRANSPORTADORAVALORES" id="4C61FBAC-12CB-D2C4-8D7A-E2576F68FE75">
<createdBy>A598111</createdBy>
<createdTime>2024-05-09 15:35:45 UTC</createdTime>
<ownerDesignName>AceleraPlenoDB_Relacional2</ownerDesignName>
</ColumnProxy>
<ColumnProxy class="oracle.dbtools.crest.model.design.storage.sqlserver.v2k12.ColumnProxySqlServerv2k12" name="IDUNIDADEINSTTRANSPORTADORAVALORES" id="8A4FE5B4-0052-096B-45A4-A68FD9C8B91D">
<createdBy>A598111</createdBy>
<createdTime>2024-05-09 15:35:45 UTC</createdTime>
<ownerDesignName>AceleraPlenoDB_Relacional2</ownerDesignName>
<asIdentity>true</asIdentity>
</ColumnProxy>
<ColumnProxy class="oracle.dbtools.crest.model.design.storage.sqlserver.v2k12.ColumnProxySqlServerv2k12" name="IDUNIDADEINST" id="BC9B0F0D-8861-0002-6A74-FEC186708114">
<createdBy>A598111</createdBy>
<createdTime>2024-05-09 15:35:45 UTC</createdTime>
<ownerDesignName>AceleraPlenoDB_Relacional2</ownerDesignName>
</ColumnProxy>
</columnProxies>
<foreignKeys>
<ForeignKey class="oracle.dbtools.crest.model.design.storage.sqlserver.v2k5.FKProxySqlServerv2k5" name="00t_UNIDADEINSTITUICAOTRANSPORTADORAVALORES_04t_UNIDADEINSTITUICAO_FK" id="89A4B89F-B957-3F63-E570-183A3E2AC231">
<createdBy>A598111</createdBy>
<createdTime>2024-05-09 15:35:45 UTC</createdTime>
<ownerDesignName>AceleraPlenoDB_Relacional2</ownerDesignName>
</ForeignKey>
<ForeignKey class="oracle.dbtools.crest.model.design.storage.sqlserver.v2k5.FKProxySqlServerv2k5" name="00t_UNIDADEINSTITUICAOTRANSPORTADORAVALORES_03t_TRANSPORTADORAVALORES_FK" id="E873F489-6C61-FE84-F26B-F6C8493B8AFF">
<createdBy>A598111</createdBy>
<createdTime>2024-05-09 15:35:45 UTC</createdTime>
<ownerDesignName>AceleraPlenoDB_Relacional2</ownerDesignName>
</ForeignKey>
</foreignKeys>
<primaryKeys>
<PrimaryKey class="oracle.dbtools.crest.model.design.storage.sqlserver.v2k5.PKProxySqlServerv2k5" name="00t_UNIDADEINSTITUICAOTRANSPORTADORAVALORES_PK" id="65D7334A-CA72-8A20-DD4E-8FFBD7C3C4FB">
<createdBy>A598111</createdBy>
<createdTime>2024-05-09 15:35:45 UTC</createdTime>
<ownerDesignName>AceleraPlenoDB_Relacional2</ownerDesignName>
<clustered>true</clustered>
</PrimaryKey>
</primaryKeys>
</TableProxySqlServerv2k5>