<?xml version = '1.0' encoding = 'UTF-8'?>
<relationalModel class="oracle.dbtools.crest.model.design.relational.RelationalDesign" name="AceleraPlenoDB2" id="BCF6080B-248E-A32B-DF3A-ADF2A702903D" mainViewID="BCC6448F-E44B-D077-D1B4-84D4F4EBD362">
<createdBy>A598111</createdBy>
<createdTime>2024-04-24 22:20:09 UTC</createdTime>
<ownerDesignName>AceleraPlenoDB</ownerDesignName>
<shouldBeOpen>true</shouldBeOpen>
<selectedRDBMSSite>980FCE9E-D688-BDF0-C89A-C9FB2DCAED45</selectedRDBMSSite>
<importDDLFileStamps>
<importDDLFileStamp class="oracle.dbtools.crest.imports.DDLFileStamp">
<fileName>AceleraPlenoDB2.sql</fileName>
<pathName>D:\GitHub\AceleraPlenoProjetoFinal\.DB</pathName>
<dbType>13</dbType>
</importDDLFileStamp>
</importDDLFileStamps>
</relationalModel>